apogee,impact_x,impact_y,max_velocity,max_mach
1113.5526322647731,0,0,41.804543256257084,0.12438841661288406
1117.9178913264739,0,0,42.76011885060056,0.12723254013046995
1115.843240405839,0,0,42.33165001302792,0.1259573882121253
1116.4034991299227,0,0,42.66093145326439,0.1269372230186339
1100.722728313651,0,0,39.051071028391526,0.11619282739869277
1125.1992465765943,0,0,44.398495027630695,0.13210924691022785
1120.168391299986,0,0,43.391420300840565,0.12911153150524052
1121.779594799403,0,0,43.816319686449894,0.1303762268170764
1097.3175350228469,0,0,38.47419567625973,0.11447584423123203
1114.2260974722383,0,0,41.991880737618594,0.12494598886807648
1120.9606173717732,0,0,43.68515659353264,0.12998581381316165
1111.919046942151,0,0,41.735202087808275,0.12418182151471391
1108.29997606124,0,0,40.70139267054916,0.12110494925856628
1128.6720099890085,0,0,45.198290225652144,0.13448975223936266
1123.7511147934601,0,0,43.92339975312683,0.13069522220007054
1113.2404042097307,0,0,41.74603389175127,0.12421416881120477
1125.2337958254,0,0,44.4515777476178,0.13226721660871563
1115.9831518878045,0,0,42.4072441665153,0.12618213190298527
1106.7086593907006,0,0,40.44347366770827,0.12033720854552668
1107.6250446478953,0,0,40.68135076120087,0.12104515762096447
1119.0512803041383,0,0,43.01217759076,0.12798294128059984
1120.1049802117689,0,0,43.28442225938218,0.12879323573093018
1118.1034813018314,0,0,43.02721569260108,0.12802747250349764
1110.8123776295497,0,0,41.44258309954775,0.12331089938367229
1112.6388706774158,0,0,41.87431978965669,0.12459586827352812
1113.5422659878345,0,0,41.93841284168317,0.12478674144656474
1129.1952021754184,0,0,45.28020869707901,0.13473363368035188
1119.7233527142646,0,0,43.194109776200484,0.1285243469499058
1121.4484261197708,0,0,43.649985597019096,0.12988120224977803
1115.286844435398,0,0,42.21852175885224,0.12562042949025548
1130.8171817876892,0,0,45.51044711935333,0.1354191818924964
1104.1102621970867,0,0,39.78794076549066,0.11838608278292626
1130.0224527683145,0,0,45.366816887965975,0.13499148162988547
1115.781255900819,0,0,42.530952257029,0.12655031413898635
1111.9520717980547,0,0,41.49990467685281,0.12348154545578095
1128.1354165044088,0,0,44.9333975308895,0.13370133076058272
1122.9387284260254,0,0,43.974445641010945,0.1308469337174595
1117.621827665842,0,0,43.166437795671726,0.12844155763980997
1100.8926016416008,0,0,39.259365719362535,0.11681277779684299
1113.1511138920741,0,0,41.896179373973666,0.12466111277327632
1118.1552724337807,0,0,42.85017411875011,0.12750077417442765
1110.954538637496,0,0,41.357406060091314,0.12305749328445878
1146.4384367994608,0,0,48.77831144405723,0.14514605501557656
1112.243409016706,0,0,41.636092141628154,0.12388703582399505
1122.9224987070475,0,0,43.783161710302295,0.13027776235030442
1105.3952125078627,0,0,40.062077745509036,0.11920203713951212
1116.3256570795036,0,0,42.58818615267537,0.12672078783675123
1125.3716405746518,0,0,44.34111273141223,0.13193849296649313
1107.5422428525112,0,0,40.496829066170285,0.12049644123350134
1117.1138631425943,0,0,42.5875172641764,0.12671889312391932
1123.5097492883604,0,0,43.949307866896774,0.13077228411820835
1117.6758311754952,0,0,42.743540340167975,0.12718323673715526
1113.1236709162781,0,0,41.8960138852859,0.12466047724493592
1120.138026865372,0,0,43.245443806032995,0.128677316977972
1118.4050603045719,0,0,42.9428717656793,0.12777647534378073
1118.9146438991695,0,0,43.01337548342898,0.1279864029394301
1108.5723049649264,0,0,40.74770833139651,0.12124285539528971
1123.6727573051314,0,0,43.99823551131869,0.1309178532931067
1123.8195389471891,0,0,44.21220831714019,0.1315544684948237
1114.1229772168444,0,0,41.98194624252246,0.12491642969705094
1116.7522519870677,0,0,42.63336284157985,0.12685510420901158
1122.0742869107182,0,0,43.8490279934525,0.13047352348355468
1112.4088148500261,0,0,41.628071560526,0.12386315902259727
1122.0333017486228,0,0,43.659676459924626,0.1299100608740875
1112.4654788177209,0,0,41.64096645339094,0.1239014205250077
1106.9219901411961,0,0,40.56512388857626,0.12069926577819794
1126.7553877286766,0,0,44.76068706690667,0.1331872666239674
1116.3168638373086,0,0,42.47826981118087,0.12639366357016057
1124.6370806503908,0,0,44.27063829267479,0.13172864228107267
1113.2960568371925,0,0,41.828303591204204,0.12445916593096132
1120.8482997248184,0,0,43.424457695076164,0.12920991783500863
1110.6408596310944,0,0,41.33540026096844,0.12299185334605414
1126.3828276914949,0,0,44.51470594261445,0.13245523592802233
1127.7002313796431,0,0,44.87973276791235,0.1335417364863577
1104.7585290377015,0,0,39.85545517203454,0.11858707396014864
1110.1570892284399,0,0,41.15567725522766,0.12245702735182974
1116.8060397644974,0,0,42.64494763596515,0.12688974027682434
1106.209104660175,0,0,40.34877048438344,0.12005564240470357
1113.7844934854938,0,0,42.03577920033959,0.12507653005627153
1115.5175067228784,0,0,42.27500415758153,0.12578879988749264
1124.2122253022014,0,0,44.23083908191761,0.131610188647167
1114.2960774690673,0,0,41.99170071819915,0.12494530353990393
1121.3706024613418,0,0,43.44272794032322,0.12926440083814994
1126.2757919407902,0,0,44.49662858355811,0.1324014365725752
1120.449815974567,0,0,43.430620871062416,0.12922821239992513
1108.556569652298,0,0,40.91245080796293,0.12173310140383903
1117.213395374969,0,0,42.81630116735513,0.12739976461898816
1107.8417169099005,0,0,40.853989590552146,0.12155892666700716
1108.6865019610052,0,0,40.89803773422079,0.12169013409490818
1113.872534433596,0,0,41.979784396775386,0.12490999785958241
1124.2361714981196,0,0,44.05815394510437,0.13109635211298895
1121.706443320983,0,0,43.72050981288711,0.13009119194560917
1113.1611916564582,0,0,42.04565242214121,0.12510574491442508
1112.3891223464095,0,0,41.5357877108327,0.1235884986660549
1112.8148993126988,0,0,41.73527911154383,0.1241822336044435
1112.837807551423,0,0,41.759595967886476,0.12425454019147075
1117.7136259911795,0,0,42.719801665764784,0.12711252769377987
1112.893067553365,0,0,41.8944679866008,0.12465589945938127
1116.5816343426466,0,0,42.62524771896633,0.12683108982314767
1115.7120445275987,0,0,42.383932734429386,0.12611296784035186
1129.281996420575,0,0,45.10732249185849,0.13421927201741898
1114.9805749809764,0,0,42.11695919966687,0.12531830904393845
1122.6868347519212,0,0,43.92977003664865,0.13071392947292604
1121.271678044446,0,0,43.61220389450975,0.1297687631666392
1110.3496994490756,0,0,41.220912460551425,0.12265112882833185
1118.8207813332249,0,0,43.06888306776438,0.12815164451383435
1120.6160620328249,0,0,43.53552339854167,0.1295403769671977
1110.3207817040047,0,0,41.1850697658556,0.1225445208444081
1107.8140374795414,0,0,40.716979932237116,0.12115130357111036
1114.984210244,0,0,42.202099341968044,0.12557170927704725
1101.7953707266026,0,0,39.29748361002627,0.11692631266820466
1113.8981174345017,0,0,41.933644425162235,0.12477262614293631
1111.818691914204,0,0,41.67291667818281,0.12399646886854271
1118.9112487154425,0,0,43.29935503957237,0.1288374146446841
1111.5866670545267,0,0,41.427612886530724,0.12326647085654148
1120.257390244508,0,0,43.43055452021321,0.12922806204104675
1118.7198202814463,0,0,43.05671776158316,0.12811531531442383
1120.0280760678627,0,0,43.358007619783436,0.12901212718611982
1122.6112555672782,0,0,43.97890092337591,0.13086002050117249
1127.9842458856665,0,0,44.881685636885,0.13354768198623568
1113.4995976296748,0,0,41.91507318359822,0.12471717624924523
1120.5927853292208,0,0,43.58859164053346,0.12969838007535114
1098.6620168144086,0,0,38.66284940299772,0.11503740766581742
1115.7118216259566,0,0,42.46729256944389,0.1263608714719502
1099.3196318659502,0,0,38.79517549823727,0.11543127418414159
1123.4258503798076,0,0,44.02462489435523,0.13099634408800295
1116.6078720160162,0,0,42.56151522083331,0.1266413847271893
1112.362686029895,0,0,41.712089573127045,0.12411321009634248
1121.0766087631587,0,0,43.52878107812578,0.1295204550958339
1112.282027504887,0,0,41.72158085901663,0.12414131461722
1138.862270980336,0,0,47.23589876468148,0.14055504919705658
1121.0149808887554,0,0,43.67339923512639,0.1299508492135944
1120.2201823773644,0,0,43.38908667553988,0.12910460023635092
1133.401933277626,0,0,46.15906351842191,0.13734952653143825
1107.5251311037125,0,0,40.60809585303623,0.12082725539418404
1112.0228365883088,0,0,41.58969787796726,0.12374884890123633
1111.5984365475497,0,0,41.58723359128719,0.12374135636943749
1115.6881638078323,0,0,42.61424003735245,0.12679817782722025
1122.1584844539673,0,0,43.63947814903877,0.12984997625906441
1112.6302706483816,0,0,41.72731908881007,0.12415854247423275
1115.8777859570669,0,0,42.62433251291705,0.12682822196751992
1135.5474874998572,0,0,46.40966386383826,0.13809580935166801
1114.8344638664294,0,0,42.18698942229998,0.1255267672121032
1119.0855857389076,0,0,43.19884195068668,0.12853819227659932
1110.570552854938,0,0,41.231158663599636,0.12268183561696258
1113.6964053534095,0,0,41.97486227062702,0.12489525265220414
1118.9294749015246,0,0,43.04252974379613,0.12807313721673128
1111.934708643038,0,0,41.55826571434058,0.1236553597358694
1124.867017456919,0,0,44.26235126576187,0.13170406781299127
1118.7991094684426,0,0,43.04025846304359,0.12806648672674467
1110.896477529844,0,0,41.414847028879684,0.1232283687003164
1105.2834365956965,0,0,40.11330381457191,0.11935444735546495
1107.3237238255886,0,0,40.48753827948014,0.12046850022245129
1115.879173375984,0,0,42.28915385242441,0.1258309214442357
1117.8296072553844,0,0,42.936847272976685,0.1277584882110068
1101.763453256425,0,0,39.220607864584416,0.11669760388481855
1116.1444914717779,0,0,42.38748140808558,0.1261235022508568
1117.6419898632046,0,0,42.80528509034526,0.12736705891219086
1127.423091282667,0,0,44.868724755257524,0.13350890984284192
1121.5867413850885,0,0,43.68408495965254,0.1299827075871187
1131.8673868525511,0,0,45.77236048054711,0.13619849210845644
1120.4952699706605,0,0,43.282176569490886,0.12878657430123808
1115.376389783033,0,0,42.29582829780435,0.12585051518735507
1113.1613057474005,0,0,41.877277983805506,0.12460471313470696
1121.1376677246483,0,0,43.61905352213398,0.12978901026073764
1122.1545197830917,0,0,43.89543311893596,0.13061170740361247
1111.3213161436997,0,0,41.61692558623572,0.12382971429382997
1111.7935242655612,0,0,41.61545191362157,0.12382548618542413
1113.306636196547,0,0,41.865994200824304,0.12457114245062594
1117.3217667163096,0,0,42.84596890757965,0.12748803603122916
1118.2005225551165,0,0,42.96620065352633,0.12784593110410958
1100.2026601199505,0,0,38.96473125746043,0.11593585013506504
1115.0064890467368,0,0,42.22724328424741,0.12564647000374324
1130.4623435929525,0,0,45.38838096011937,0.13505578670958904
1107.2070295291928,0,0,40.48853828314159,0.12047143322061898
1113.733227742504,0,0,42.0604184135903,0.1251498247413236
1108.497379477505,0,0,40.98159148103543,0.12193872006598727
1120.341364763927,0,0,43.444101772465,0.12926846737952977
1110.6317112874121,0,0,41.33759189402381,0.12299842023534288
1110.3611416241204,0,0,41.29579594728803,0.12287397047916242
1114.4050340691103,0,0,42.07271155069225,0.12518656990793095
1116.5067292280576,0,0,42.803140923478544,0.12736034640266158
1110.3230300922048,0,0,41.177312447798165,0.1225215114050258
1112.7474643178443,0,0,41.69256284441108,0.12405512243658808
1119.5423415744403,0,0,43.119599939295604,0.12830270348246184
1122.406556807809,0,0,43.73712960823278,0.1301407321463156
1117.1443436288803,0,0,42.70218669364029,0.1270601901143568
1117.2320877241498,0,0,42.60797755146294,0.1267797933679805
1116.002885072017,0,0,42.48195290101213,0.1264047018606906
1114.489890901509,0,0,42.23013280400367,0.12565498341555972
1116.331930113682,0,0,42.54190399804893,0.12658299038143864
1119.2269003887097,0,0,43.126100643315056,0.1283218813449851
1120.9738481554834,0,0,43.39245893610788,0.12911470917152287
1118.8585149457788,0,0,43.107608091040284,0.12826684943938896
1111.6283895524402,0,0,41.49275255398759,0.12346028031006827
1113.7555668271552,0,0,41.99843873025797,0.12496547370758267
1112.0436702531824,0,0,41.84384594691903,0.12450508459212262
1113.732724424317,0,0,42.0100404380915,0.12499987993159764
1118.546426397855,0,0,43.138939692920935,0.12835999661257982
1113.1923362826944,0,0,41.91044491589346,0.12470341748342734
1108.950306639312,0,0,41.00474860327735,0.12200771236956093
1121.6578280543092,0,0,43.63201617053809,0.12982779693499738
1117.2043989259962,0,0,42.69264553991681,0.12703173073830532
1105.567101928301,0,0,40.11597236756056,0.11936253502617075
1118.5985644539155,0,0,42.99676930433841,0.12793698821020863
1110.4320548163605,0,0,41.25944064931461,0.12276597677937845
1125.1375662182502,0,0,44.34154219863498,0.13193974250527132
1106.1604173280596,0,0,40.24853406532147,0.11975711542683508
1116.4670660800784,0,0,42.67506585467649,0.1269791975019182
1109.374520485094,0,0,40.96772057206068,0.12189763058309817
1121.8749756658237,0,0,43.669360963613215,0.12993890893584176
1139.3791646341379,0,0,47.3784554762345,0.1409793679329338
1115.5727926858276,0,0,42.51737133840016,0.12650991033373418
1112.574257589574,0,0,41.705246919182414,0.12409276445789945
1123.3719605050346,0,0,43.909029847645726,0.1306524468573587
1121.1192426788843,0,0,43.70034679125774,0.13003097049518464
1119.6652720208517,0,0,43.29654401868448,0.12882921277740172
1110.3704725615887,0,0,41.40159025756261,0.12318885165974418
1130.0473709477699,0,0,45.473022581017645,0.13530761570482347
1115.3040725936949,0,0,42.18212781367654,0.12551232704792775
1117.2647423409073,0,0,42.70487879684796,0.12706805798473864
1120.2603015487975,0,0,43.52430645639653,0.12950689524551584
1123.4068768542388,0,0,44.03482683682146,0.13102671540005562
1125.117943907135,0,0,44.24865228127339,0.13166336298175896
1113.0824191764889,0,0,41.92595080976783,0.12474958654824354
1121.7817612742124,0,0,43.73902288560305,0.13014631338519425
1113.0569775922756,0,0,41.724971168658186,0.1241515427717995
1126.4798867039478,0,0,44.60811343311386,0.13273319679252493
1119.1020052317335,0,0,43.16463380335246,0.1284364271493963
1119.4890911147033,0,0,43.158071578449004,0.1284171219521891
1122.473219427294,0,0,43.90235939821736,0.1306322936316095
1121.356739435401,0,0,43.5325664580144,0.12953142404002674
1140.6922295833954,0,0,47.61118510570358,0.1416720114008886
1099.7258296160005,0,0,38.7443603102819,0.11528015413051998
1120.6241867440194,0,0,43.626448895766934,0.12981102537270128
1115.3557977091778,0,0,42.26761441093598,0.12576671033612344
1135.9311358894383,0,0,46.484809809076,0.13831944903966772
1116.6360577581872,0,0,42.623428816095824,0.12682576381408653
1114.312376027024,0,0,42.19774964964838,0.12555858145155907
1097.1422862080487,0,0,38.24333436403431,0.11378897863839985
1108.5550713918972,0,0,40.91173511680195,0.12173086918341666
1130.8282176197793,0,0,45.47132605351279,0.13530266795370527
1119.4102626016652,0,0,43.12674552142734,0.1283239516638879
1116.1868531116017,0,0,42.58323484006761,0.12670585485763772
1113.2926386277543,0,0,41.9380083388273,0.12478544076232216
1112.325156483721,0,0,41.572912692911515,0.12369897433689167
1128.8116595135323,0,0,45.313147599082185,0.1348316507616405
1109.041334328774,0,0,41.038324505164525,0.12210763677072112
1116.4191995339522,0,0,42.628800583946486,0.12684167719977904
1111.3692536207677,0,0,41.48341672161013,0.12343244409027998
1123.7312629293335,0,0,43.955332137079836,0.13079018286837826
1117.4915992997242,0,0,42.84713884942504,0.12749158002603642
1113.7607661693214,0,0,41.85654946947562,0.12454328180586993
1121.9256878765868,0,0,43.65229939850257,0.12988825911849217
1120.687014487928,0,0,43.465406970774026,0.12933190892707014
1121.4805046927934,0,0,43.56192748861299,0.12961915012160924
1116.9477083746801,0,0,42.524452600473516,0.12653104166413617
1125.448494505921,0,0,44.45749942968552,0.13228482228518604
1111.282211142613,0,0,41.51774532335711,0.12353460158330641
1118.43769652338,0,0,43.087112666940534,0.12820569113547342
1127.337757625829,0,0,44.783009500672755,0.13325385589342972
1103.703967977519,0,0,39.71230107606439,0.11816096449294404
1124.756155450781,0,0,44.47708922604574,0.13234299576588784
1106.5462715551123,0,0,40.62236064937882,0.12086944904061726
1113.0874014179476,0,0,41.821378614154156,0.12443830867220149
1121.7074876494344,0,0,43.72059503926001,0.13009133015746793
1128.3864672080736,0,0,44.95585743803354,0.1337683406968128
1126.347296990995,0,0,44.592193055621735,0.13268578306899387
1119.1635261161696,0,0,43.107373961956746,0.12826626318783074
1110.101421242837,0,0,41.170032753504444,0.12249960147750515
1118.053656894468,0,0,42.82825956174351,0.12743554019235637
1128.277975147792,0,0,44.927042894072315,0.1336824974743409
1127.8311898010315,0,0,44.91660759780648,0.1336514613735355
1108.5093794617576,0,0,40.85065965136075,0.12154913581245606
1117.657192573822,0,0,42.82001270029576,0.12741073346193313
1123.3984128123261,0,0,44.067165234208446,0.13112294013299045
1114.186125862131,0,0,42.12252766994316,0.1253347625676695
1111.302526445579,0,0,41.34227139525079,0.12301245833604271
1117.1037708969357,0,0,42.681517978440695,0.12699868456125654
1119.5672895597784,0,0,43.2456203346588,0.1286776316886001
1116.0675003495835,0,0,42.61089988806494,0.12678829216839202
1109.502607182876,0,0,41.115919286815924,0.12233847997902493
1120.2038585150344,0,0,43.388897982814306,0.12910407269547425
1135.238722381036,0,0,46.54540719615624,0.13849963240619703
1110.9048473861676,0,0,41.41877310804587,0.12324007380213771
1108.494852493329,0,0,40.72036365374662,0.12116143200424924
1099.0101418537831,0,0,38.76978201805305,0.11535571191228844
1110.2690207937744,0,0,41.393910264860374,0.12316585454403903
1108.9961700612182,0,0,40.98696611821177,0.12195494228584013
1116.1373507241647,0,0,42.37878595370013,0.12609746584838888
1114.5881449650542,0,0,42.185252278386805,0.12552137781364686
1115.810182982871,0,0,42.38663479383906,0.12612104564959334
1119.0870369663182,0,0,43.10900399152512,0.1282709828351442
1116.5506901113247,0,0,42.65542667933622,0.12692081493566604
1121.9763755574756,0,0,43.77216877417112,0.13024495346899034
1095.6322994699988,0,0,37.95939511936752,0.11294374552967623
1109.1626869843087,0,0,40.93904660649047,0.12181224768527572
1113.1474871551097,0,0,41.8182168789867,0.12442902426704298
1107.8717369642247,0,0,40.77172270113907,0.12131412882192716
1119.2546356401529,0,0,43.23890245052947,0.12865759030157511
1120.2028184974822,0,0,43.46098754710438,0.1293185721548283
1121.508829881491,0,0,43.54671672632952,0.12957393566797387
1114.0113527537378,0,0,42.03127283525865,0.12506315594004833
1132.4950189422893,0,0,45.893580016219566,0.1365595023631156
1114.5800197339715,0,0,42.13865595827076,0.12538286517896133
1120.4225055098736,0,0,43.52572482222076,0.1295113056937452
1123.011120753487,0,0,43.95854387304142,0.13079961669948825
1115.9707750194023,0,0,42.45308368133062,0.12631870158732714
1128.5070802760022,0,0,45.268490174345104,0.13469864612336682
1125.2245214214724,0,0,44.33015294211602,0.13190596615119762
1104.7053676992682,0,0,39.9880628822559,0.11898168763640403
1130.2792849220289,0,0,45.4060437657591,0.13510830481724365
1114.40988717587,0,0,42.07149215116998,0.12518293893378626
1112.9595490422378,0,0,41.67569489782775,0.12400491026016718
1116.118729134778,0,0,42.44533142327069,0.12629547240192335
1105.063518122051,0,0,40.055509293133774,0.11918246289776208
1122.0839162546313,0,0,43.57700620179601,0.1296642156356557
1113.9141894552547,0,0,42.01631732957652,0.12501870771102408
1123.4498973383265,0,0,43.9448918833481,0.13075913630077776
1115.172870597828,0,0,42.20397144754708,0.12557715505172448
1118.5467960188366,0,0,42.91383461310248,0.12769022286510207
1134.3595049335079,0,0,46.21221780182309,0.13750812961858008
1120.5843110194526,0,0,43.41994959719603,0.12919654325414792
1110.7121132597058,0,0,41.363129217757766,0.12307452809106714
1105.1082239716372,0,0,40.126735542043285,0.11939444297301044
1111.0011638427502,0,0,41.381812522270494,0.12313013264573909
1125.975925322831,0,0,44.50899357260718,0.13243823292477902
1109.445879931713,0,0,40.969708427277396,0.12190356935233378
1105.8340258413834,0,0,40.22446460167704,0.11968544376454111
1116.01665369353,0,0,42.51395800135384,0.12649974006827552
1114.3842130351075,0,0,42.05103843100702,0.12512207723373903
1113.5530025162093,0,0,41.92427498956473,0.12474473092522739
1115.095790081474,0,0,42.40814139247424,0.12618481475457616
1128.92034010416,0,0,45.19381933628992,0.1344763850897417
1125.280658659582,0,0,44.2500261914763,0.1316674777074095
1123.0335437557414,0,0,43.766907019964826,0.13022934095190333
1115.9545983849343,0,0,42.59863837460161,0.12675179517571378
1115.6910899933935,0,0,42.68657807692094,0.1270133915110202
1116.887013894309,0,0,42.66372815665659,0.12694572074728314
1121.112865423441,0,0,43.562245819008815,0.1296200209674792
1111.2214018748762,0,0,41.462028679433935,0.12336885817243443
1119.0315863623237,0,0,43.10695756556503,0.12826493238259004
1108.3109950457442,0,0,40.8908440969152,0.12166866193274578
1118.4187680528594,0,0,42.98187975084294,0.1278925155989834
1130.2085652999654,0,0,45.454030546200556,0.13525109816439695
1117.8091306579347,0,0,42.806865457634636,0.1273716858116284
1109.9041286470285,0,0,41.1494059081554,0.12243842713329856
1124.7889268488555,0,0,44.3284332339109,0.13190076849695337
1121.2887192556148,0,0,43.584431016126395,0.1296862158927305
1111.085542365355,0,0,41.44074387821633,0.12330542471832404
1114.278799480094,0,0,42.02339183441003,0.12503987096914487
1137.0363523314795,0,0,46.948766775088075,0.13970020461074106
1114.0441423685938,0,0,42.16738779140428,0.12546824318724395
1114.7619865673769,0,0,42.14169724535243,0.12539190389895205
1116.9233693878834,0,0,42.649859842943435,0.1269043699864887
1120.773071433808,0,0,43.44932618406068,0.12928404161978477
1127.1277964852118,0,0,44.71470457738512,0.1330505463620632
1117.897058935711,0,0,42.95710206987489,0.12781869232366871
1107.338202104054,0,0,40.55001240226097,0.12065443095217339
1123.1255802538521,0,0,43.99900903257327,0.1309201459478067
1112.5195787111372,0,0,41.74932672989591,0.12422387699970197
1111.6171996472763,0,0,41.375436889990624,0.12311108656461864
1117.4575750896945,0,0,42.626666780483674,0.12683543164036612
1122.9279234807145,0,0,44.08751155513194,0.1311834643046517
1113.6510378223882,0,0,41.9644578127644,0.1248643113543953
1118.4437356208668,0,0,42.98367456827925,0.1278978612547422
1107.9451580558343,0,0,40.85217501282838,0.12155351409437669
1129.599289052895,0,0,45.29432438224131,0.13477577025701695
1117.0785981772565,0,0,42.60635181624813,0.12677500171267092
1119.1922704253877,0,0,43.02693050634655,0.12802684419070867
1120.242527323169,0,0,43.313775568858766,0.12888053902131894
1114.7718931706045,0,0,42.31960623203373,0.12592131740740606
1112.0533005689128,0,0,41.57936849059442,0.12371814416857421
1116.1762502917752,0,0,42.428864104731,0.12624665357691445
1124.9016477871148,0,0,44.35568513167943,0.13198174474808366
1112.1751342932457,0,0,41.5472782970914,0.1236222748611353
1118.599862870095,0,0,42.89077365258214,0.12762160707332884
1115.5985392658922,0,0,42.36142730119478,0.12604588610272582
1115.8787228961492,0,0,42.360774345318895,0.1260440655365608
1115.864182496264,0,0,42.37564859129662,0.12608819882840647
1128.8039683870848,0,0,45.09210760508612,0.13417388248435996
1112.5822783462645,0,0,41.73287142205246,0.12417506294368602
1123.527946244596,0,0,43.9170919973859,0.13067640853365992
1111.8502851416577,0,0,41.60821602632898,0.12380393574853853
1116.7705021089062,0,0,42.688043172119876,0.1270179425530754
1114.5932597192166,0,0,42.09449148665044,0.12525139145854372
1114.7740640672068,0,0,42.228427586264694,0.12564999222903947
1103.174493692342,0,0,39.566362107415884,0.11772672046606221
1134.192730261578,0,0,46.15886889548193,0.13734920415853788
1121.3829481326152,0,0,43.68080381697242,0.12997289748879787
1108.682940649542,0,0,40.74087509758759,0.12122259607695875
1127.0033522025567,0,0,44.654083816640934,0.1328701258300314
1125.9056539910255,0,0,44.56030949721344,0.13259089866901042
1109.85154195005,0,0,41.03516794956206,0.12209829368089058
1110.9886323086794,0,0,41.297301142917824,0.12287867805286376
1131.2927580251423,0,0,45.67524296847392,0.13590958792417354
1110.3993173341698,0,0,41.39310729040998,0.12316361866299674
1128.6565953873403,0,0,45.02266138926644,0.1339671772597988
1111.7929891937642,0,0,41.554241918655734,0.12364334280325127
1113.8341423568768,0,0,42.231197287014474,0.1256580466506513
1106.5099101376036,0,0,40.33627248688919,0.12001822469752504
1116.4750793756127,0,0,42.66962848534628,0.12696308070125945
1111.958744438324,0,0,41.75164611621429,0.12423071021454193
1111.724553850565,0,0,41.48183045231973,0.12342786859842998
1115.0220180175927,0,0,42.421122476202186,0.12622333691880935
1124.031434927995,0,0,44.075998889737086,0.13114917739646925
1135.819484376776,0,0,46.33952489465462,0.13788718378902715
1121.7235739962405,0,0,43.61591312332277,0.12977986346173628
1120.269904694074,0,0,43.358196145736734,0.12901286708637721
1129.2725795081171,0,0,45.27504356204936,0.134718285833757
1111.5059344307351,0,0,41.41142235774196,0.12321829086923633
1124.724431134482,0,0,44.13716928119857,0.13133146731595222
1114.9391909056972,0,0,42.26097860404484,0.12574683401582956
1108.6031371510462,0,0,40.722148911686915,0.12116664531110866
1116.223762560112,0,0,42.53265306160077,0.1265555924415976
1115.3859181936837,0,0,42.35756272941563,0.12603436524056322
1122.5899348679245,0,0,43.70373615881711,0.1300413378723196
1115.6230440574122,0,0,42.2348525836773,0.1256693666157814
1103.8358476830876,0,0,39.91278496859197,0.11875757957847966
1115.4269269346541,0,0,42.42432736694892,0.1262330973668236
1115.1857204986443,0,0,42.326572922596604,0.12594205798468897
1118.6683389045384,0,0,42.99719954844365,0.12793826058619479
1116.2246005640313,0,0,42.64002929365696,0.1268750195190261
1125.6510416769177,0,0,44.343640387806516,0.13194615335987547
1109.2964709617843,0,0,41.150699040811546,0.12244218174584115
1124.6791373875546,0,0,44.3849597859951,0.13206898473461062
1117.8113949901035,0,0,42.69660426287739,0.12704369698043189
1112.8931103829723,0,0,41.75559543395192,0.12424270151506768
1115.7208397605737,0,0,42.411597767224485,0.12619525250779376
1109.732445712784,0,0,41.09932539953798,0.12228924902832022
1115.834102385115,0,0,42.45245118629868,0.12631674329451295
1103.8608420211215,0,0,39.80137722256232,0.11842621450649408
1112.2626331350798,0,0,41.77435313194769,0.12429837171448956
1119.7829138866782,0,0,43.235160281968795,0.12864653285156685
1113.2985922498976,0,0,42.00309330559116,0.12497904230147569
1110.1752235413608,0,0,41.25399817595079,0.12274950225982657
1106.879075011574,0,0,40.57252334753026,0.12072122665915158
1118.0634154577376,0,0,42.83989867057393,0.12747002648037103
1124.884614696784,0,0,44.33055502081594,0.13190692417283914
1110.8853653919005,0,0,41.374077598824655,0.12310702575216356
1112.0688714884,0,0,41.56933589206078,0.12368821095382528
1111.7926276714682,0,0,41.72000829354041,0.12413647932769674
1110.0083922773651,0,0,41.1863434286841,0.12254818555029999
1114.0803252855933,0,0,42.162515372696284,0.12545365129163508
1123.9620732855421,0,0,44.01984626644329,0.13098229540886472
1124.0147411524053,0,0,44.14836479626453,0.13136469466523634
1121.9041596036334,0,0,43.75079522146053,0.13018114469856223
1097.7950644606085,0,0,38.50868931503743,0.1145785685355896
1119.5897345830958,0,0,43.49725629920773,0.12942639026961392
1125.3161180057168,0,0,44.35575319952086,0.1319818930625275
1127.1352389829935,0,0,44.73803627901069,0.133119791970034
1109.3394159308766,0,0,41.04071074364499,0.12211486638232323
1114.536727324433,0,0,42.1417898755772,0.12539213901746346
1121.3542166912914,0,0,43.55011340434068,0.12958399708894147
1105.003078320155,0,0,40.125447010933534,0.11939058667707036
1123.387364364914,0,0,44.092152806347414,0.13119737725821765
1108.7826067010114,0,0,40.94407492455529,0.12182714776252707
1125.1923028673718,0,0,44.453833173672464,0.13227393485136224
1117.5283426909934,0,0,42.73569642695785,0.12716000243588146
1102.782600229436,0,0,39.611333252045014,0.1178605014203365
1110.4874220310762,0,0,41.24249363245775,0.12271540287059579
1117.869398005498,0,0,42.940149165219644,0.12776826527062982
1105.3342445766564,0,0,40.29369768456516,0.11989128966303708
1125.5476125824837,0,0,44.41145907179842,0.13214789260919343
1115.3339136569973,0,0,42.23454128961281,0.12566811642591
1119.7517844350702,0,0,43.393169218495416,0.1291166634759236
1121.6611512909146,0,0,43.674575265546316,0.12995441363563595
1118.1389705685174,0,0,42.986795964940455,0.12790710784723897
1114.7723040950611,0,0,42.29136532632773,0.12583736796822356
1140.7459502409988,0,0,47.58334061880628,0.14158932441440855
1118.841813553017,0,0,43.08978310936456,0.12821363344246575
1114.9474206439645,0,0,42.146183119610335,0.12540533433374654
1113.5256980682761,0,0,41.891269422402644,0.12464631762676971
1121.0259330788533,0,0,43.401647400811804,0.129142282335888
1114.0345725007733,0,0,41.944479237637644,0.1248049495202093
1115.4211638839,0,0,42.24047886775511,0.12568590488258227
1115.633565766568,0,0,42.47918837064171,0.12639635629042703
1104.82379425457,0,0,40.10870337328721,0.11934069932746286
1107.50630346668,0,0,40.616652896832825,0.12085270311236412
1116.0796614939547,0,0,42.410032877025536,0.1261906687326118
1125.0396310930832,0,0,44.29351329455295,0.1317967800601007
1108.5026549971592,0,0,40.85467999245692,0.12156117090324345
1123.3538132960257,0,0,43.88624410959445,0.1305847156103721
1108.2818551061494,0,0,40.65079156209861,0.12095439303573899
1108.9446171247284,0,0,40.89012625302872,0.12166664201778778
1115.8878273850444,0,0,42.57194770409915,0.1266723538878521
1120.0184789219793,0,0,43.30901070573432,0.12886613608013117
1125.060079749912,0,0,44.287600742434556,0.1317791915626676
1100.0675454995305,0,0,39.02649834666348,0.1161197934840567
1120.810816581882,0,0,43.48882618178713,0.12940164882609997
1123.7736344870873,0,0,44.05930455229555,0.1310996998532893
1117.6270251750373,0,0,42.82565606087496,0.12742757525614615
1116.8720048972855,0,0,42.64549627124732,0.12689138746389486
1115.4901917455813,0,0,42.43482217979475,0.1262642980390645
1120.3602912725776,0,0,43.29673515810003,0.1288298220423174
1097.943547812124,0,0,38.51464414525818,0.1145962939663699
1109.333746020204,0,0,41.082131755386236,0.12223816760216738
1125.796195083236,0,0,44.48678398434157,0.1323720293771603
1119.1854580387583,0,0,43.2384140145901,0.12865609945403114
1117.0170872983854,0,0,42.531587896975545,0.1265525327166294
1108.5114033989576,0,0,40.82640630267155,0.121476968873862
1125.5633521536647,0,0,44.48108265522781,0.13235499080583715
1115.2664647133518,0,0,42.22045824906804,0.1256262537903074
1117.7291188097008,0,0,42.834738176905056,0.12745449594055971
1124.1997484156398,0,0,44.12808358051497,0.13130442313691582
1112.2042111512033,0,0,41.57691241298572,0.12371091437018669
1121.683181184832,0,0,43.641499355321265,0.12985600347496712
1122.0681249666832,0,0,43.79616251893384,0.13031629847233694
1112.2679267165504,0,0,41.7798447616134,0.1243147698739964
1112.01505930192,0,0,41.59039733740544,0.12375096322114638
1106.5279395612433,0,0,40.27433934565573,0.11983384245867347
1114.2481240858335,0,0,42.104758500312506,0.12528186354902188
1116.2410699308439,0,0,42.45685426610044,0.1263299364535844
1118.8729638557545,0,0,43.096987732898675,0.12823521757591302
1114.103497003705,0,0,41.95222801501527,0.1248279248273195
1102.34261034719,0,0,39.35592066230831,0.11710035054592112
1118.162507083196,0,0,43.06096853694281,0.12812801976652027
1119.89523556396,0,0,43.32124380026223,0.12890260351868274
1107.5955966104855,0,0,40.65915038510695,0.1209790938156432
1121.9500810806894,0,0,43.6096224830581,0.12976112572289725
1112.037370736505,0,0,41.71722775867613,0.12412831619179605
1113.6855625061373,0,0,42.05088930958731,0.1251214312173857
1115.1624499822437,0,0,42.2525611652759,0.12572186137892724
1112.8878559550403,0,0,41.81644894270583,0.12442374589774408
1123.7723211359298,0,0,44.084065039484706,0.13117330253511453
1117.488630038368,0,0,42.763773217640235,0.12724343462834523
1125.264497277003,0,0,44.55861077271007,0.13258565768896569
1113.966342630254,0,0,42.089782155076094,0.12523729323762028
1127.8630703771407,0,0,45.07960461762192,0.1341365292084919
1109.0444865590914,0,0,40.92440246131265,0.12176872220221295
1133.1130016195405,0,0,46.03578410572534,0.1369828176553749
1117.8573686054513,0,0,42.6973651049443,0.1270459248855011
1129.7439966317932,0,0,45.18513417297068,0.13445084019812745
1119.7407427411506,0,0,43.234057114599906,0.1286431842243882
1120.7208671103729,0,0,43.50110662400293,0.12943820813758428
1121.6285021075764,0,0,43.69952237736242,0.13002863857580071
1115.9804795123287,0,0,42.3940240829975,0.12614297422669432
1108.593818670855,0,0,40.84863516957909,0.12154313431472394
1123.8821079134327,0,0,44.03254242724364,0.13102005399767483
1120.4504971761812,0,0,43.439005435810444,0.12925308822557463
1117.934727765448,0,0,42.823255371226935,0.1274205217243299
1112.7056191055594,0,0,41.73510990286226,0.12418173187377413
1120.0252925256834,0,0,43.28219234292153,0.12878647921953237
1119.8787797008117,0,0,43.31175684513898,0.1288744587460887
1118.1666115419762,0,0,42.83184559580571,0.12744610028463757
1113.6418281145022,0,0,41.91208377469917,0.1247085259135027
1125.9526273227443,0,0,44.67323669016312,0.132926940407745
1118.0549775699933,0,0,42.87198397536052,0.12756544695168776
1114.555992003464,0,0,42.190757884258964,0.125537836652328
1127.677238015911,0,0,44.84070399542189,0.13342556859754814
1117.3976379169194,0,0,42.81752517361859,0.12740342771297355
1124.1187355180425,0,0,44.4284443768153,0.13219812757276572
1134.1090832522705,0,0,46.28439647876885,0.13772272160279236
1119.6025685654724,0,0,43.24392357485273,0.12867263310995022
1123.5362133784492,0,0,44.03718069006346,0.13103374222260936
1110.100216409117,0,0,41.230725908622155,0.12268037637046994
1116.7731764597743,0,0,42.71939016801139,0.12711130759324255
1127.4715424736557,0,0,44.98227191717557,0.13384660829043254
1130.865078566912,0,0,45.54452704577387,0.13552032379273332
1105.27765279247,0,0,40.15728294083453,0.1194853029845423
1121.8493768894728,0,0,43.698504364083455,0.13002552523377434
1118.4080652814218,0,0,42.86907157810438,0.12755702091945087
1129.1274721391587,0,0,45.286074699486676,0.13475114876729763
1119.581328711326,0,0,43.05858290748107,0.12812120164402974
1114.3863885428214,0,0,42.013145198201485,0.1250092382244083
1108.175384774666,0,0,40.69037158509817,0.12107215968684
1114.8819613792516,0,0,42.191210126199785,0.12553918537129846
1111.1963657157248,0,0,41.393988164668144,0.12316622661862477
1115.9721226440727,0,0,42.456975092859444,0.12632984748859
1108.8852017589063,0,0,40.895095284753026,0.12168133342280547
1124.6652841793468,0,0,44.27933802092667,0.13175466992401882
1105.5079386978448,0,0,40.19123724401805,0.1195867605172745
1117.5857688110914,0,0,42.75216345771854,0.12720888587311177
1134.4545152332394,0,0,46.1483350527147,0.13731780955840256
1099.8417973734583,0,0,38.81404397895531,0.11548751933719667
1116.117187582084,0,0,42.4665934895921,0.12635888138506474
1110.4065258140693,0,0,41.309226077912314,0.12291405541601486
1131.8107331059368,0,0,45.82970451022995,0.13636935078560214
1123.3900602633732,0,0,43.99183567838786,0.13089888117096152
1111.8391782530505,0,0,41.46543093711204,0.12337910185127417
1108.7464418370337,0,0,40.93853900861347,0.12181069541431601
1118.802449024641,0,0,43.034564034648724,0.1280495759911935
1128.1785603351118,0,0,44.98942701375812,0.13386829885442256
1107.5842462852145,0,0,40.5609527955811,0.12068685810962969
1129.8818943915887,0,0,45.37611295948518,0.13501921501929728
1118.3360895366843,0,0,42.805892313556086,0.12736891787667803
1120.1557433718144,0,0,43.341608363021074,0.12896319824450628
1115.5727442141078,0,0,42.51814523058768,0.12651222446706284
1122.346570767038,0,0,43.831395139260785,0.13042130303306745
1117.183616934689,0,0,42.74747257238121,0.12719487604845534
1115.1965879534175,0,0,42.352929532097455,0.12602048863271947
1122.1615143669014,0,0,43.92531999380609,0.13070046495621077
1111.9239937661612,0,0,41.50784354203989,0.12350532427933872
1118.613151398085,0,0,42.970732488668254,0.12785949082596884
1125.92165524462,0,0,44.55308629986606,0.13256949664468973
1109.3068591418405,0,0,40.924842201930424,0.12176997276521824
1119.8019734049378,0,0,43.24409875817977,0.12867304888984918
1122.387620336131,0,0,43.690170159138354,0.13000105794696704
1108.8972048218975,0,0,40.79393082762307,0.12138036509231592
1112.6365413901412,0,0,41.69162373015755,0.12405224584776996
1130.8182307013976,0,0,45.52057693251495,0.1354492839769143
1104.8706259298697,0,0,40.170424776221026,0.11952434552281571
1123.0692201082695,0,0,43.99655122416824,0.13091286183310932
1125.8975441988314,0,0,44.58454082754046,0.13266298972701115
1132.314236875005,0,0,45.9721749567877,0.13679328835561408
1116.5674462497727,0,0,42.546717371592486,0.12659742631404555
1118.3256207872946,0,0,42.93698402091593,0.12775891464434666
1115.7413229324752,0,0,42.47045299304058,0.12637031096094767
1118.102467198891,0,0,42.85820283515302,0.12752465107389158
1120.2120378858199,0,0,43.389158116912064,0.12910487477480642
1121.1868101091277,0,0,43.443310428442096,0.12926621706797387
1110.0780718752249,0,0,41.408696135516266,0.12320991473789593
1119.5791277758603,0,0,43.15208239125388,0.12839932244989774
1119.4770047607713,0,0,43.23504529815197,0.12864610480394534
1127.6194557865526,0,0,44.78318309193576,0.13325425431436513
1126.1294254778334,0,0,44.590278352658586,0.13268006492836554
1106.4857384938914,0,0,40.53036250165879,0.12059569855217615
1120.0391109808743,0,0,43.302906675137486,0.12884817356007222
1118.3139422071356,0,0,42.913715754241274,0.12768982576721438
1117.850124292087,0,0,42.81104487076976,0.12738413388405792
1102.2334337681903,0,0,39.595717599110856,0.11781393382883992
1117.7733488853655,0,0,42.81551946449113,0.12739747537425716
1119.0304745530632,0,0,42.958343766424306,0.1278227291421632
1116.3463272440795,0,0,42.454101272504765,0.12632176628261524
1115.229517657645,0,0,42.567421973918684,0.1266587131812387
1113.109327214876,0,0,41.68241687735206,0.12402502861132066
1119.8465660797408,0,0,43.33941609999482,0.12895685642320356
1119.477785288775,0,0,43.10229446803413,0.12825110152144475
1117.7254895211568,0,0,42.988301216609294,0.12791154953625933
1118.2126444092291,0,0,42.87416333304718,0.12757195982424777
1130.9677373812299,0,0,45.386536980363616,0.13505049230664995
1110.8830425439605,0,0,41.52131821518547,0.12354514624513818
1122.5198329307527,0,0,43.81010107579084,0.13035789671689546
1114.6021124310605,0,0,42.051821167302656,0.12512448930335843
1136.2434143457344,0,0,46.57792442885413,0.13859666438304646
1107.514051229972,0,0,40.635659024275476,0.12090924502790028
1100.6458632402885,0,0,39.031430137018795,0.11613458881339644
1118.3647353629651,0,0,43.0140553660714,0.12798835250942406
1136.4486855942541,0,0,46.75705746106073,0.1391295458984597
1114.4180971915355,0,0,42.267322445013036,0.12576551412649836
1109.6187268879553,0,0,40.96888956939292,0.12190147191557126
1133.9087597536834,0,0,46.27772891193672,0.13770288644056797
1119.9228704548477,0,0,43.252294779301835,0.12869761685030723
1119.6103943699347,0,0,43.2114516162773,0.12857601620288522
1111.8481265158155,0,0,41.59640299289928,0.12376878369802867
1123.5354686815067,0,0,44.08880909453119,0.13118739028048446
1111.8497654219805,0,0,41.552659189629814,0.12363844589385804
1120.4575173748915,0,0,43.420785967657594,0.1291989052863276
1117.0518784783867,0,0,42.685358898245,0.127009999160317
1120.3744119404491,0,0,43.423826658661156,0.12920799228404745
1116.5539867919094,0,0,42.528758044910994,0.12654376030862732
1111.55055699736,0,0,41.67263771858798,0.1239954491089991
1136.2106197615776,0,0,46.57706596941067,0.13859412852374497
1117.1720550856646,0,0,42.604501942324625,0.1267695484183222
1113.8007795594228,0,0,41.85662606571448,0.12454336207299638
1107.1806005119201,0,0,40.500490459897456,0.12050687073615271
1110.8464528798515,0,0,41.499338175076666,0.12347973301302961
1121.9230117807022,0,0,43.692493679985375,0.13000777209326347
1125.8381355790668,0,0,44.62198126368183,0.13277419077409233
1125.2821283922992,0,0,44.54517637343714,0.13254570596478904
1115.9951895455413,0,0,42.3855059910278,0.12611757198329257
1109.9767210793655,0,0,41.081973631698,0.12223770133564867
1108.4815862173286,0,0,40.777863695533114,0.12133258610026343
1124.3596471950173,0,0,44.12738281250957,0.1313023181921769
1130.6671940732738,0,0,45.37577174983203,0.13501822238040015
1116.5249776725639,0,0,42.462255164427816,0.1263459755916218
1135.629090582648,0,0,46.37189306049719,0.1379835116209775
1128.1558770244878,0,0,45.01635094344978,0.13394830237377886
1117.039910771629,0,0,42.888404195475644,0.12761417205301112
1109.2150055668342,0,0,41.15533465794022,0.12245585423398074
1116.8020844441526,0,0,42.47617266940727,0.12638751387050207
1109.4102117814905,0,0,41.00751889334522,0.12201599937729064
1111.5241125288806,0,0,41.608923619653595,0.12380595195110981
1127.9122504754614,0,0,44.82843373263825,0.13338920684371205
1117.5484101479492,0,0,42.88702489032102,0.12761004731610823
1113.06553060257,0,0,41.91041123036484,0.12470340801616406
1116.0153903953646,0,0,42.59782097316937,0.12674932822442214
1116.8578588381044,0,0,42.62253245685356,0.126823033848814
1110.964989419113,0,0,41.337236241414914,0.12299730063325258
1117.2139179465878,0,0,42.63441729177773,0.12685838206618627
1109.2483810405968,0,0,40.99465119142923,0.12197776012370898
1122.1087207160126,0,0,43.74729793869588,0.13017086125184146
1109.2407522239264,0,0,40.990348804023135,0.12196492921822027
1115.4984858808168,0,0,42.47651295227434,0.12638819915118515
1131.681447438776,0,0,45.750960566548116,0.13613503094737509
1138.0303190015322,0,0,46.88152173584286,0.13950043514711194
1105.9964973439776,0,0,40.2275471905833,0.11969464185414366
1133.7360314595985,0,0,46.27732826835445,0.13770161980571138
1110.301589062795,0,0,41.16151387144598,0.12247454558931412
1113.2901919322758,0,0,41.71124059964995,0.12411065803380379
1114.0967978718284,0,0,42.183156812072404,0.12551498028732938
1123.7479267457325,0,0,43.99989674411301,0.13092290849815905
1121.4259618621195,0,0,43.572415756941794,0.1296504146385345
1121.1020486519708,0,0,43.50972400221592,0.12946356754421795
1114.9956515307795,0,0,42.470398178606686,0.12637000401213105
1113.1766769622868,0,0,41.72759750349955,0.12415938943290215
1118.7088993282202,0,0,43.07315089942263,0.12816417452432302
1113.0255323305344,0,0,41.96109427735159,0.12485408169364895
1128.3910169795433,0,0,44.947424403456225,0.13374338273525058
1105.6518660224247,0,0,40.115296745286656,0.11936043286174147
1117.8380099602832,0,0,42.82244035270338,0.1274181419625315
1119.8980561194585,0,0,43.17829151642656,0.12847731547126084
1114.3148795987543,0,0,42.169069318673735,0.12547331674687262
1124.1459701594931,0,0,44.205610398334755,0.13153503925113155
1108.32829469324,0,0,41.11564808733003,0.12233765544060982
1127.8728536442618,0,0,44.88391560701553,0.13355420616162633
1129.3846755113575,0,0,45.19023911576222,0.1344660124301501
1106.5421812124757,0,0,40.26793634262146,0.11981476359498204
1118.4942416983017,0,0,42.86145595291596,0.12753442280858704
1114.8095042564187,0,0,42.07587517996153,0.12519615787890226
1131.188320454806,0,0,45.592270359363546,0.1356626297843089
1120.437039178674,0,0,43.44344329626995,0.12926630638772188
1122.2902486994267,0,0,43.69874008733317,0.13002640454296735
1126.5718612225837,0,0,44.524442653941584,0.13248430677825007
1108.8423143856746,0,0,40.995178006861174,0.12197921221508456
1113.1212407567948,0,0,41.87516216275788,0.12459851057491561
1114.777368181523,0,0,42.30586887260494,0.1258803657416577
1114.8822327973978,0,0,42.24064680227495,0.12568620425394714
1096.8609879334183,0,0,38.2953858023112,0.11394375272675693
1132.9809372983132,0,0,45.8473415860855,0.1364219609088016
1109.5664675251194,0,0,40.97248519108033,0.12191189352586589
1106.8329967089824,0,0,40.52817316654602,0.12058925348191038
1114.4129530294024,0,0,42.18441684568081,0.12551897596024444
1127.4437317141978,0,0,44.994222302632004,0.1338824437369077
1119.5325276963667,0,0,43.09869967244394,0.12824043861396114
1121.306019232787,0,0,43.55122182763621,0.1295872921602238
1113.3580218160841,0,0,41.789467511443405,0.12434337168230103
1118.3085031185176,0,0,42.819570819791146,0.12740959533487417
1115.3308962435335,0,0,42.23711388205497,0.12567600047382418
1107.2486387493773,0,0,40.5200156696166,0.12056512017210072
1136.4169007712244,0,0,46.599667893134004,0.13866132267609407
1111.9154791787155,0,0,41.709455805442474,0.12410517468477011
1108.7168573939816,0,0,40.82477270606215,0.12147224125802542
1149.3814114514157,0,0,49.138354513367204,0.14621836974954813
1113.6336036675993,0,0,41.93413451432785,0.12477404494281155
1118.107454119528,0,0,42.819321726777694,0.12740885716307268
1122.5916515853196,0,0,43.87314260665086,0.1305454615280823
1108.742236214797,0,0,40.846915525361865,0.12153802460463493
1129.8148420137172,0,0,45.293423302112565,0.13477318761556573
1126.4007087367559,0,0,44.63802191007123,0.13282233228996387
1119.6384712082156,0,0,43.23788603539384,0.12865466127288117
1121.4867205074324,0,0,43.62149288761127,0.12979644431623932
1111.8703158568878,0,0,41.51771947374237,0.123534446052239
1109.948626910377,0,0,41.137558677345034,0.12240312390660779
1126.1535629226482,0,0,44.69930986947128,0.133004538922876
1118.1586555187407,0,0,42.91903934888296,0.1277055086579738
1113.15282684957,0,0,41.89904537314218,0.12466958117197369
1110.6568430866994,0,0,41.284174878018426,0.12283954896255103
1119.104575224429,0,0,43.0154883337333,0.12799278655270574
1114.016524362601,0,0,42.09278104250758,0.12524605823821575
1118.730073553826,0,0,43.12436517154354,0.12831663767329637
1110.1623164329935,0,0,41.3448161765861,0.12301994124182092
1117.6579027584828,0,0,42.68434596833784,0.12700709843246863
1124.310580930066,0,0,44.14612324312685,0.1313580858307405
1129.1161396373257,0,0,45.058373805286074,0.13407364748440984
1116.387099828736,0,0,42.46366104716107,0.12634998927085417
1119.1952772235647,0,0,43.13170921100355,0.12833851220082432
1127.5395129125925,0,0,45.020231096579046,0.1339597170129971
1109.4014267595317,0,0,41.12214786109405,0.1223572232730291
1118.9327331526117,0,0,43.04473814287462,0.12807974631395433
1116.2844660234753,0,0,42.57628616227871,0.1266853060680201
1121.3026737028722,0,0,43.43827830510333,0.12925100871291043
1107.7226920696498,0,0,40.69488944428652,0.12108550084941963
1124.2800441006598,0,0,44.2986301761836,0.13181176910241515
1115.864961556987,0,0,42.357869225199735,0.126035333264723
1126.061391498992,0,0,44.45214682606817,0.1322690191568687
1126.8042518747322,0,0,44.89141948029967,0.13357620657926048
1117.0248238317054,0,0,42.59487597794557,0.12674079928234727
1102.9853443208826,0,0,39.68947871837769,0.11809290051849437
1115.9192865968537,0,0,42.38285079974221,0.1261096935147588
1113.5587337978923,0,0,42.09377184087415,0.12524905318744498
1100.4984432902004,0,0,39.15995002658119,0.11651695735013098
1112.7858426718708,0,0,41.75302959036588,0.12423533022118047
1116.7890404582427,0,0,42.64331836668102,0.1268848097215555
1115.477449155893,0,0,42.39222959418049,0.12613759267234068
1123.345690169947,0,0,43.954877665307734,0.13078876548848234
1127.6039044468225,0,0,44.81306072624684,0.1333433116924229
1115.2164057851992,0,0,42.16163368388612,0.12545120276316052
1122.0732207338922,0,0,43.718800243638015,0.13008608722047044
1107.3290834633287,0,0,40.65995227070149,0.12098142953465094
1124.673160323452,0,0,44.199743277344474,0.13151771089065828
1104.3407298944,0,0,39.93767908899222,0.11883186863123055
1124.9544223284306,0,0,44.34010520225109,0.13193552079315227
1119.0043136174809,0,0,43.102643269610866,0.12825204716906552
1117.0417216839996,0,0,42.73278358012122,0.12715113379558465
1109.7862353493572,0,0,41.114130251121615,0.12233346200732151
1106.2169959187213,0,0,40.37350156604085,0.12012889689534838
1120.1609598349905,0,0,43.26933625839603,0.12874823343930006
1122.218897679802,0,0,43.75749063579147,0.1302012129512466
1107.2738247441687,0,0,40.51741618564002,0.12055738812792863
1116.3112330874712,0,0,42.502277917958914,0.12646518427270836
1109.9049217440124,0,0,41.18616006314451,0.1225477983292251
1118.0036900106888,0,0,42.9141755034966,0.12769093419276692
1142.7861062347004,0,0,48.06311973818732,0.14301746191805048
1129.370219231106,0,0,45.173511600948075,0.1344161885350539
1121.941978546088,0,0,43.61339890228711,0.12977242147995108
1112.4600385899191,0,0,41.70250603464917,0.12408457670446664
1107.1271411774665,0,0,40.545088712362855,0.12063961226160085
1105.7958529761456,0,0,40.227794936358855,0.11969530896111474
1122.5351821426611,0,0,43.96800848546364,0.1308276948746304
1141.5919482170189,0,0,47.62993058100057,0.14172815532598657
1112.9822881044981,0,0,41.850141337637645,0.12452403467770308
1122.120239448864,0,0,43.6699453676773,0.1299407331369287
1118.6364460154257,0,0,42.934856871043856,0.12775271816989528
1097.7916551404264,0,0,38.39098069229313,0.11422837470510681
1109.4827334496047,0,0,41.04951907806498,0.12214094981059061
1112.3355268299847,0,0,41.77751246069451,0.12430776645971446
1117.0413573630508,0,0,42.57513719338977,0.126682012711859
1122.3308478491213,0,0,43.9473890232251,0.1307662982102537
1116.1573685637784,0,0,42.51352362477975,0.1264984200595131
1109.9121308403162,0,0,41.04716990383397,0.12213402834198571
1133.3619449522178,0,0,46.12949549226732,0.1372617524267026
1149.912515211853,0,0,49.14361594390543,0.1462341350828405
1106.8725990423038,0,0,40.58166490946188,0.12074848075939539
1110.7630292705114,0,0,41.18649231561238,0.12254888945207908
1122.7867327306196,0,0,43.864392794844086,0.1305195208187902
1129.3728105831058,0,0,45.24599592376637,0.13463173294322275
1110.4028358635935,0,0,41.42062432544158,0.12324552078485257
1107.2484601733695,0,0,40.49646216144946,0.12049492287933058
1116.8547507638618,0,0,42.61554377722547,0.12680226085614096
1139.2421343975511,0,0,47.21704974085937,0.14049901783102037
1117.1610183404632,0,0,42.82262567202039,0.12741857555569583
1110.8788535360811,0,0,41.31471736193056,0.12293050272647668
1123.9801180954948,0,0,44.141296633047226,0.1313436225443236
1115.9665521180386,0,0,42.569627085373085,0.1266654225249842
1123.4712270751588,0,0,43.86383523087261,0.13051797772944493
1117.3976398512052,0,0,42.76105926958458,0.12723526113809244
1113.2540102913417,0,0,41.8385912047573,0.12448954780971946
1115.0066101004193,0,0,42.31208260328195,0.1258989328350876
1120.121142183542,0,0,43.22014863846701,0.12860190530966428
1103.6113639089365,0,0,39.72837948258185,0.11820887709139263
1117.2605099131924,0,0,42.80101769272173,0.12735406899614227
1112.2999893940848,0,0,41.52190584673643,0.12354718017821475
1134.430339753895,0,0,46.287689766515065,0.13773265292343742
1115.0863580125063,0,0,42.187660691660355,0.12552875709150782
1124.3636961381853,0,0,44.12632800384011,0.13129919056797465
1103.727783492491,0,0,39.76150534128963,0.11830728327207736
1113.4296701859644,0,0,41.869232346672035,0.12458081671736958
1115.488416340025,0,0,42.28895166628749,0.12583025258408992
1113.9080933695298,0,0,41.98196933340309,0.12491652440577956
1122.4597843451613,0,0,43.8747635817782,0.1305502166357923
1108.7724213603626,0,0,40.800112430737606,0.12139848929809104
1118.3321014973387,0,0,42.9135609784761,0.12768932482743756
1121.0723726418944,0,0,43.59361579781147,0.12971350475414434
1119.7185315897646,0,0,43.2868021989049,0.12880012037159144
1110.825343980931,0,0,41.56492771769194,0.12367488840879676
1119.1190189478966,0,0,43.139000757895346,0.12836033401874092
1138.9692556503012,0,0,46.924765034724395,0.13962926548622398
1130.7606931077576,0,0,45.58390233958922,0.13563761400323168
1113.5223722622316,0,0,41.8492184212742,0.12452134972582364
1112.8279121805094,0,0,41.80240831672572,0.12438187879908799
1120.0838354224347,0,0,43.26730156525177,0.12874216663552396
1111.1390483679195,0,0,41.426663484000905,0.12326359386889936
1121.5505874280325,0,0,43.64725815503066,0.1298730227351757
1129.9953497117817,0,0,45.333790621495766,0.13489325404952335
1114.4693257327276,0,0,42.10597313940273,0.12528555438140448
1114.6185972914147,0,0,42.26068405182994,0.12574591859014675
1121.2235904904676,0,0,43.593969678247426,0.12971450412890245
1125.5770487159382,0,0,44.55223208928354,0.1325667436188727
1116.2891528680675,0,0,42.45447793852541,0.12632286158731096
1115.5789505101388,0,0,42.31861513049846,0.1259184790598751
1117.327493308095,0,0,42.66023654384217,0.12693532219693351
1105.2388204127215,0,0,40.170915550318895,0.11952593428872597
1111.1872965101722,0,0,41.509736199676496,0.12351085555185211
1120.4496221197799,0,0,43.38573880878672,0.12909481667856743
1123.626839353387,0,0,43.8986524304349,0.1306215316952433
1112.7047094649602,0,0,41.69155582722081,0.12405206920244474
1113.2986856438977,0,0,41.738325047788706,0.12419136392465546
1129.051752484748,0,0,45.216159122765134,0.13454294589506563
1119.3555602668746,0,0,43.201444883459985,0.1285461896490051
1115.629310403233,0,0,42.257495434522944,0.12573651488976872
1106.8962255212957,0,0,40.65225443806352,0.12095839195941213
1124.9501896712936,0,0,44.318444081657574,0.13187105207102004
1114.3786754934097,0,0,42.098368513065324,0.1252629540732638
1111.680559275209,0,0,41.485410014003975,0.12343855043337366
1122.5666283634948,0,0,43.797466567245515,0.13032025429556865
1127.1071483474975,0,0,44.797774251911505,0.13329769533226285
1120.442017413406,0,0,43.5258107164092,0.12951147116665793
1121.4144677654735,0,0,43.49540865157433,0.1294213080137821
1113.1574010570466,0,0,41.88757406858973,0.12463546267919576
1114.250243633989,0,0,42.03998149158718,0.12508915447603103
1104.7751451774088,0,0,40.07646921163804,0.11924475583892358
1121.3488977955813,0,0,43.65201533414483,0.12988719118708597
1134.7983109932788,0,0,46.29293302426096,0.13774832280742472
1116.6637432984576,0,0,42.62589330684523,0.1268329681435206
1131.4772196850915,0,0,45.75049814665704,0.13613343123020186
1116.5073569952162,0,0,42.724136892091366,0.1271254233151365
1120.5228423043213,0,0,43.44272737947921,0.12926429955433114
1105.8954852565703,0,0,40.218443228019154,0.11966749908720702
1126.0911233862648,0,0,44.656195794579844,0.1328761807614025
1096.4873980866996,0,0,38.21081361318821,0.11369208264819775
1118.5379395646219,0,0,43.06855646709283,0.1281506378668872
1109.8360444743098,0,0,41.10965014841133,0.12232011833409756
1115.8916248418611,0,0,42.436474977725474,0.12626921776050254
1109.7841984439765,0,0,41.24140563727394,0.12271213219137411
1124.2036262603028,0,0,44.27130540333733,0.13173044019424024
1121.7516065540651,0,0,43.827186124210535,0.13040857226866331
1115.23924310487,0,0,42.31310478942699,0.12590159635710768
1123.87199925273,0,0,44.01030557737307,0.13095385036838245
1125.1604304388934,0,0,44.449709466520176,0.1322615968708428
1106.2537167020682,0,0,40.231689550022516,0.11970686592667949
1113.1181798901393,0,0,41.76383172746196,0.12426726173853773
1114.2552516402845,0,0,41.987680013487555,0.12493350941619324
1131.5538253720517,0,0,45.499283829755676,0.13538597262003826
1120.8389507697752,0,0,43.485605046899835,0.12939192688584142
1110.8667874351104,0,0,41.4131393941185,0.12322324344701799
1120.6944345283425,0,0,43.32455829348582,0.12891272997082634
1124.4467622620348,0,0,44.30622082047815,0.13183459280346083
1113.7263774525638,0,0,42.00329741230536,0.1249797244453577
1122.1848111973782,0,0,43.89511871707096,0.13061077572981405
1103.7847893997828,0,0,39.936035898701995,0.11882683590909407
1132.7491889861512,0,0,46.021247921916384,0.13693929866862475
1127.54532015352,0,0,44.92572719484776,0.1336786440058751
1129.1721767120778,0,0,45.18735608453658,0.1344572878154468
1125.8870131920148,0,0,44.42528885531739,0.13218906018777518
1126.8933664135689,0,0,44.69995733965267,0.1330066047963118
1114.3752074793229,0,0,42.02268809493588,0.1250377535599114
1113.917346268079,0,0,41.968976496674685,0.1248777687348606
1122.714714748878,0,0,43.81892313400978,0.13038410741536693
1113.3500065378569,0,0,41.87335936680994,0.12459318849547937
1115.3450174072009,0,0,42.39147582404367,0.12613515128999958
1117.4822925897752,0,0,42.80509569598191,0.12736631027472087
1103.5159250501838,0,0,39.808228152037536,0.11844643323990338
1100.1591752023965,0,0,38.92239936095544,0.11581002870704353
1114.8504279442552,0,0,42.30081657224366,0.12586534915308337
1129.0978313086916,0,0,45.163763308352614,0.1343870036749767
1115.0039285713528,0,0,42.24651699239995,0.1257038808404326
1119.0005901996442,0,0,43.12434571064068,0.12831673440775354
1112.5893748306978,0,0,41.65532113338326,0.12394425170827379
1110.9580189314468,0,0,41.365300952688756,0.12308096467635952
1123.9697080325168,0,0,44.11124027859775,0.1312542482829146
1114.8695988504749,0,0,42.099452561060936,0.12526609587712806
1116.4888427594944,0,0,42.67784607257056,0.12698753565264856
1113.6031969994187,0,0,42.047568848508455,0.1251116988476566
1119.1388890021876,0,0,43.35820092957755,0.12901257962475507
1105.4602265525684,0,0,40.25188704010686,0.11976693046215718
1125.9043355442864,0,0,44.44600370975399,0.1322507029636058
1118.0330077795468,0,0,42.786476464108446,0.12731114379715522
1121.2154951350517,0,0,43.525297526930125,0.12951020387569745
1115.7648785485399,0,0,42.37209696564811,0.1260776351291519
1105.8172823232417,0,0,40.34897812768532,0.12005577571288617
1107.383340788638,0,0,40.576003181745364,0.12073166402633202
1101.740896870266,0,0,39.25517984612444,0.11680054962230493
1115.4419390246705,0,0,42.50066504414277,0.12646026660269685
1124.8909344449423,0,0,44.35272247972342,0.1319730502193793
1121.992878578628,0,0,43.8526060750228,0.13048430826647825
1114.933376468561,0,0,42.138163997187796,0.125381463611398
1119.2995736525509,0,0,43.1392616996667,0.1283611349675777
1101.7490121574597,0,0,39.317514584767416,0.11698591353362757
1110.7093074679408,0,0,41.300616518744896,0.12288847030739683
1118.590212362012,0,0,43.1906907972387,0.12851408848023066
1130.6038115722702,0,0,45.520472929522214,0.13544896673096105
1121.8939988405868,0,0,43.633194157527,0.12983131567626996
1108.7365835320222,0,0,40.93271264830838,0.12179323294443327
1118.829393127341,0,0,42.99126085452879,0.12792051562959875
1124.4483460746128,0,0,44.132823117918676,0.13131851843400663
1111.3405993771719,0,0,41.34035079189158,0.12300674077049292
1122.8571333420548,0,0,43.927825739387416,0.1307082101626807
1113.2527433892606,0,0,41.85890234493914,0.1245501009897511
1116.1239891775874,0,0,42.512268818364106,0.12649488043449755
1106.2563709657086,0,0,40.22265960667677,0.11968008009164215
1116.5677305901065,0,0,42.44346784465858,0.1262901388245078
1121.49150038608,0,0,43.745773828417065,0.13016625369288773
1106.9580429794637,0,0,40.58803071954796,0.12076745285048576
1110.513221441931,0,0,41.22270216974684,0.12265655640901592
1112.7955140423312,0,0,41.944338032998736,0.12480433481794383
1121.3144267191346,0,0,43.548943625447336,0.12958049385666445
1110.7137695052854,0,0,41.233356328907696,0.12268839389111869
1121.798985338483,0,0,43.645979351701506,0.12986936840628138
1123.0517129253092,0,0,44.05307675851054,0.13108093307672583
1110.051353617895,0,0,41.15054274551829,0.12244185626867087
1111.2866965134606,0,0,41.487982469440176,0.12344603609561275
1115.413847246394,0,0,42.28573510992092,0.1258205679261132
1110.8126538979657,0,0,41.49914102449618,0.12347913970753072
1118.4920512756412,0,0,42.974437580418,0.12787040947595077
1117.0192067441947,0,0,42.76897041954508,0.12725885518567165
1116.7982351746903,0,0,42.69771525071303,0.12704665219667916
1114.4813850104679,0,0,42.062631018138404,0.12515667650481252
1121.22680698282,0,0,43.54421896371626,0.12956657817879197
1106.1362245848125,0,0,40.26221148541709,0.11979770721568762
1115.6462724212836,0,0,42.3441147738117,0.12599436207727888
1103.6401522184071,0,0,39.75093060715753,0.11827601961088227
1106.1474991193659,0,0,40.2648449429739,0.11980553915845756
1109.76413081036,0,0,41.246844404280274,0.12272821040871755
1108.7657242486632,0,0,40.735937949345036,0.12120777690761918
1107.2338690608965,0,0,40.49473989901981,0.12048969548891773
1122.3005992015956,0,0,43.74277236902199,0.13015743112543676
1108.8646141965914,0,0,40.85438304313055,0.12156036766672647
1107.8310484474325,0,0,40.65127614298515,0.12095578067612485
1113.8150044830813,0,0,42.13500680035269,0.1253716774293021
1128.9547371330962,0,0,45.13165385345797,0.1342915814441046
1113.3282072892725,0,0,41.924875716992226,0.12474645019124651
1115.7234398061248,0,0,42.31379071541055,0.1259041938781233
1096.7252692488078,0,0,38.13183721657847,0.11345693518698663
1126.9764306245906,0,0,44.631831659755825,0.13280395657880467
1113.9313845267313,0,0,42.089999334342515,0.1252379454054993
1118.135747690165,0,0,42.88020900459389,0.1275901306954088
1114.3363430558582,0,0,42.22029896582931,0.12562567815129008
1113.53045165759,0,0,41.89569521748308,0.12465974970291177
1126.3105640287035,0,0,44.8129486658094,0.1333426892752743
1106.0142111897496,0,0,40.26634518300831,0.11981002417373254
1123.6520923880184,0,0,44.24629894091486,0.1316560107049785
1115.362986249528,0,0,42.2306807689082,0.1256566465452348
1111.1379176782839,0,0,41.61461345341118,0.12382289277492897
1134.3570254225438,0,0,46.27090018864951,0.13768268976850565
1117.4093523151284,0,0,42.76984599036114,0.12726153392065412
1114.720388542168,0,0,42.29312939229049,0.12584247368989404
1122.3590069038887,0,0,43.88192396057994,0.13057161977099643
1108.2796917981345,0,0,40.745485567431714,0.12123619207757451
1108.800199825568,0,0,40.85378554030759,0.12155840185709146
1126.1034327041536,0,0,44.62068905885405,0.13277055098044238
1126.0230277972666,0,0,44.65789731147669,0.13288133301587962
1116.2139740265884,0,0,42.699748504819276,0.12705273275939738
1112.95565965407,0,0,41.75699063231093,0.12424679346657705
1110.8119632919697,0,0,41.554829084822565,0.12364485570385732
1118.6161243872928,0,0,42.91967273086203,0.12770756994479776
1121.8829086509577,0,0,43.63092270813219,0.1298246731369398
1130.721402000398,0,0,45.40847910133699,0.13511565460303215
1112.0524577351919,0,0,41.4694096612569,0.1233909237450594
1122.5593482677546,0,0,43.80983402971833,0.1303570583116996
1107.0045200806576,0,0,40.48290901421528,0.12045466952631048
1117.5511129340014,0,0,42.72796433114375,0.1271368658091614
1115.5561450411778,0,0,42.305020943528945,0.12587805476393318
1107.4225143619042,0,0,40.509522962646216,0.12053372798050492
1127.2385463265284,0,0,44.684466732958086,0.13296053633090277
1110.6800960110663,0,0,41.24440092737239,0.12272118050160762
1119.951842781048,0,0,43.29161425740979,0.12881464608083143
1112.5510465526995,0,0,41.76404943590456,0.12426773524470566
1127.5034427361607,0,0,44.79154051236779,0.13327918377496553
1111.235299811858,0,0,41.37768671422627,0.12311785762750335
1121.5579323005802,0,0,43.94700097042895,0.13076505836391536
1120.9402294434913,0,0,43.36026262887237,0.1290190012965595
1138.9150750663548,0,0,47.10183801848119,0.14015612199752436
1108.8581982543258,0,0,40.9540243158362,0.12185686051235106
1117.4909680709397,0,0,42.67751720154874,0.1269866343256301
1109.2447685204952,0,0,40.96054520241634,0.12187623443344013
1117.6675383866934,0,0,42.68331098495111,0.12700395455600208
1097.9560976472765,0,0,38.35850306126212,0.11413183146758901
1105.8895848904865,0,0,40.268277319450945,0.11981573350149641
1124.9599203662015,0,0,44.11741589990437,0.13127290010359635
1120.1252893154658,0,0,43.31169739889795,0.12887440117137602
1113.6871364752549,0,0,41.932633675823205,0.12476959135169265
1111.0533478867123,0,0,41.29598023507831,0.12287467635198845
1121.3546066228728,0,0,43.512928442774395,0.1294734544244706
1128.936817913371,0,0,45.2619679131404,0.13467942271881256
1118.9810775315325,0,0,43.12332079500228,0.12831359460929548
1111.5860268471884,0,0,41.42715884070471,0.12326516017795129
1121.7313216965642,0,0,43.62046213603245,0.12979350103285847
1117.8736834382748,0,0,42.962397585863705,0.12783462838976456
1120.376060833235,0,0,43.262699879348496,0.12872859394387293
1109.0248265350415,0,0,40.94188458763049,0.12182078273688847
1119.2060801517553,0,0,43.14852626723283,0.1283886149568889
1111.7577540264238,0,0,41.699828830324094,0.12407650388561488
1128.6920740762628,0,0,45.01886244151442,0.13395595279035882
1115.9485274446033,0,0,42.43234075711282,0.1262569353304552
1122.9096366484075,0,0,43.89547449479077,0.13061196627869753
1142.9453010925029,0,0,47.8093969952513,0.142262374161722
1114.1809093933828,0,0,42.04100011325005,0.12509216576035612
1119.956419039437,0,0,43.152628776780986,0.12840096015852415
1119.4283596623256,0,0,43.10489820129688,0.12825885259391723
1134.053039645945,0,0,46.10670125449763,0.1371940391283092
1103.7538664577942,0,0,39.698279317958054,0.11811923211298615
1115.9128043633327,0,0,42.56552351374364,0.1266532132474656
1119.5177410509332,0,0,43.21790511522755,0.12859524478866535
1115.8004509669897,0,0,42.55371665701531,0.12661804795080636
1139.6528257063096,0,0,47.7095652224941,0.14196469853930105
1106.2502205818691,0,0,40.30954870829855,0.1199386141763252
1129.648204288733,0,0,45.24218300594899,0.13462055864903638
1119.420333399868,0,0,43.28447795197553,0.12879317912849625
1114.308107457005,0,0,42.05494414166091,0.1251336509809001
1104.8134823181654,0,0,40.10239673881275,0.11932183383918238
1115.92964932691,0,0,42.31267473168091,0.12590094463496165
1122.9571190780146,0,0,43.92388426759592,0.1306964004572223
1129.2234178222952,0,0,45.23390661210941,0.1345958770184602
1150.6648998909022,0,0,49.45824570674279,0.14717052764638686
1125.4219527107184,0,0,44.38592721289723,0.13207182906697154
1108.847998451275,0,0,40.931474543989296,0.12178971467437195
1135.4735793479283,0,0,46.52952887568058,0.13845243945224608
1115.9816175787357,0,0,42.440275612131636,0.12628061613484695
1129.9310122243844,0,0,45.36249874770651,0.13497873854559952
1117.8539802249813,0,0,42.78149962980099,0.1272962795542477
1108.757367510896,0,0,40.9179964839064,0.12174953749664544
1115.293079558443,0,0,42.286434207772835,0.12582267423327223
1113.3742328346607,0,0,42.07466698938586,0.12519217113951592
1125.03179378421,0,0,44.37425728111038,0.13203714239088235
1101.0126607547218,0,0,39.26834988621144,0.11683939484705648
1114.295708129729,0,0,42.23214472548421,0.12566088795347796
1129.3049959042771,0,0,45.304973328265675,0.13480734295112812
1109.8250977580435,0,0,41.16120097969289,0.12247345929021254
1123.266089712229,0,0,44.11042962335231,0.13125171991707366
1120.312763729471,0,0,43.32597814637589,0.12891694905075352
1121.5227599694367,0,0,43.60096160126784,0.12973529624600116
1109.6149442295243,0,0,41.194552492721385,0.12257265587854306
1112.2430767328672,0,0,41.53980848695865,0.12360005454832142
1116.4688733862424,0,0,42.64780900242577,0.12689814058004978
1127.3049577577983,0,0,44.744527983245185,0.13313932989849778
1112.6562543886498,0,0,41.80601885465174,0.12439260251801548
1122.3696205942365,0,0,43.86734894916988,0.13052820145569316
1126.0405968711877,0,0,44.607813925664246,0.13273225777550343
1111.438141514307,0,0,41.429111193142425,0.12327094988718375
1107.7475188172778,0,0,40.75083595565774,0.1212519213637687
1122.5062366120844,0,0,43.62294569354331,0.1298008599648518
1125.1869793805904,0,0,44.45610179075615,0.13228056367267554
1109.887230775231,0,0,41.044657630094434,0.12212650203118643
1107.397782726245,0,0,40.51379075027117,0.12054661067085128
1129.6169923241046,0,0,45.28409602485546,0.1347453702576825
1121.0429085347591,0,0,43.38525609863057,0.1290934482655205
1114.0519251917353,0,0,42.14421864203838,0.1253993082598411
1119.7081836028476,0,0,43.188285365355675,0.12850698458622695
1107.6582550364994,0,0,40.55772844245032,0.12067733583966539
1106.5950839490038,0,0,40.41074841168282,0.12023980981237227
1121.647083161152,0,0,43.773362550104196,0.13024845815221495
1118.8725420979783,0,0,43.09928702610872,0.12824203477092969
1110.5963706951052,0,0,41.48711521291541,0.12344333736613465
1126.0432769530205,0,0,44.53586056863482,0.1325181665585147
1125.7986583244785,0,0,44.413887644053105,0.1321551068727923
1129.0170071782925,0,0,45.212846820409304,0.13453319611433587
1118.8224534671526,0,0,43.11525290801813,0.12828959517270047
1114.7995658928219,0,0,42.16445517340328,0.12545964514876515
1101.4277157614679,0,0,39.29336918831289,0.11691394992985545
1123.4184741705326,0,0,44.01887434732124,0.13097923443261886
1120.062180303683,0,0,43.342144320522166,0.12896503068147758
1115.6940106873826,0,0,42.343742128766635,0.12599325883508056
1116.972215378275,0,0,42.68385859413785,0.12700554024905444
1113.8623476864377,0,0,41.93281094200197,0.12477026772430257
1129.84139492231,0,0,45.2088620005693,0.13452155741436717
1122.903033816703,0,0,43.771858869166024,0.1302440917938108
1103.3073525073266,0,0,39.568802969743686,0.1177339620938219
1110.8886741634035,0,0,41.29821719139859,0.12288129526098882
1123.72333664939,0,0,43.96244553066075,0.13081145001660102
1122.5635235378381,0,0,43.6949344119809,0.1300151323949025
1126.3367116069157,0,0,44.67250433459001,0.13292481338243053
1121.4971270129915,0,0,43.649015500043966,0.12987833717689284
1110.650381443193,0,0,41.32783496554105,0.12296944545419858
1117.4491281609992,0,0,43.01289846806605,0.12798462729638846
1128.3827827120615,0,0,45.302633903037844,0.1348001651543714
1124.0814958841422,0,0,44.22148900515652,0.1315822025520516
1116.8701687792825,0,0,42.75710424428812,0.12722351127120415
1118.1446249907892,0,0,42.9041741324505,0.12766125482154755
1118.712382925349,0,0,42.93452709453779,0.12775162262798706
1114.808166888789,0,0,42.11372928144191,0.12530869011336518
1114.3286780699395,0,0,42.080068522121636,0.1252084241493746
1109.46743164999,0,0,41.00106310340788,0.12199686307112437
1132.4956287280595,0,0,45.71395887077923,0.13602497997420157
1115.5809443136031,0,0,42.39581951129809,0.12614818965072175
1115.438904878983,0,0,42.33340151783503,0.12596245147971738
1114.982806668956,0,0,42.34861324610538,0.12600765505100137
1125.1457938198294,0,0,44.254289446544334,0.13167998635147607
1107.9801368380697,0,0,40.735630458916326,0.12120681235955866
1097.4519303699435,0,0,38.37052341716511,0.11416748584010726
1128.990338962437,0,0,45.26649606934609,0.13469284399218784
1109.9170405981956,0,0,41.23256247364187,0.12268581185506364
1109.1331283177558,0,0,40.894805057695564,0.12168071413435391
1120.354151464959,0,0,43.25544228131628,0.1287070835024985
1119.9424105160992,0,0,43.34381962344777,0.1289699711853228
1111.7607734473918,0,0,41.53285128960908,0.12357969138836128
1104.7912420843654,0,0,40.12224414088436,0.11938095397319405
1107.796654297435,0,0,40.565970379963886,0.12070181507614111
1125.9875823525338,0,0,44.43239356594795,0.13221029511836313
1109.5822348630695,0,0,41.137465571677296,0.12240278535167051
1112.0288881353351,0,0,41.69852443423802,0.12407277068286303
1110.270192776672,0,0,41.1793196666849,0.12252747839568538
1111.218273042546,0,0,41.482778891226786,0.12343052634973498
1106.893081776576,0,0,40.50017912866329,0.12050601564218244
1120.5642292640564,0,0,43.58763235204698,0.12969547612211507
1125.9632165801156,0,0,44.40067881519295,0.13211588449561548
1119.5458818971736,0,0,43.25067092389219,0.12869264656703389
1119.3566428184477,0,0,43.3776969333425,0.12907050569561723
1107.5514047529862,0,0,40.58657724884023,0.12076320846642707
1129.4882697633298,0,0,45.178296308549115,0.1344304188452699
1111.3375987225793,0,0,41.48708436465353,0.1234433860880081
1114.7019117835484,0,0,42.16841938181241,0.12547146199134138
1122.4508828205367,0,0,43.881845893969505,0.1305713460553728
1126.9088591939883,0,0,44.822519564854154,0.1333713446330652
1120.9211498286227,0,0,43.485257013627994,0.12939087291285228
1115.5555551127918,0,0,42.38011959878677,0.12610146346010712
1116.423917594612,0,0,42.50566593634067,0.1264752273418701
1117.179912272756,0,0,42.723231351027984,0.1271227318308854
1128.9079654444142,0,0,45.238114871273666,0.13460844284597556
1114.9689883366086,0,0,42.2441456134522,0.12569676016789477
1119.4871387537326,0,0,43.21862992043417,0.1285973213138082
1112.0768745705905,0,0,41.7216632106938,0.12414143200499325
1117.2253295341445,0,0,43.04583934170268,0.12808264622171542
1114.236984103792,0,0,42.14706529948884,0.12540776173949095
1115.1808045210523,0,0,42.19651104653796,0.12555502926038672
1119.2190337236411,0,0,43.14848307172485,0.12838862652857408
1101.5320849199252,0,0,39.43377280420746,0.11733180480599677
1114.4102577503893,0,0,42.1039851080986,0.12527958804282704
1116.609753907214,0,0,42.582898903585374,0.1267050713682493
1127.9477068205151,0,0,44.93210427332848,0.13369766606271924
1124.5525757243165,0,0,44.33616934995787,0.13192365503766829
1126.2918978677833,0,0,44.609226249533265,0.13273650048395844
1115.7376636902284,0,0,42.4098562958121,0.126189953039719
1120.1885662988022,0,0,43.33045511175315,0.12893016629452747
1129.7622842600983,0,0,45.30020641416194,0.1347932309687008
1112.2922546186985,0,0,41.74475665355984,0.12421031234051141
1119.0946921103653,0,0,43.11982530533372,0.12830320569008727
1116.1662031306287,0,0,42.39242199962203,0.12613829827550505
1118.9913574274074,0,0,43.1966796230213,0.12853185231744446
1123.8483928820763,0,0,44.04893530479553,0.13106886158007539
1115.5229881585922,0,0,42.279109389024136,0.12580082817499258
1109.5498341954765,0,0,41.00086805219382,0.12199630962590993
1116.497782588487,0,0,42.520272408812666,0.1265186989209919
1113.9492561420202,0,0,41.962565198579775,0.12485874242227651
1113.5925110132055,0,0,41.98521985129382,0.12492594116072428
1115.0759711612923,0,0,42.245199478462354,0.1256998831861294
1121.7988851771886,0,0,43.49619836514786,0.12942356290771623
1119.4149940995826,0,0,43.32141351363646,0.12890323554540598
1107.184101317334,0,0,40.48807514206282,0.12047004249377524
1115.5713077068135,0,0,42.373649729000526,0.1260822523900413
1118.6064732259179,0,0,43.08219844781272,0.128191052709598
1116.5987880009,0,0,42.661532705620125,0.12693912099982557
1111.9052888628203,0,0,41.532894781608135,0.12357984314450485
1124.1666467059194,0,0,44.0586261805884,0.13109766539653864
1120.1187879701115,0,0,43.455883788845355,0.12930345180849345
1111.35904277641,0,0,41.30522790032894,0.1229021837778125
1100.2768981333995,0,0,39.044966339573676,0.11617478993471565
1134.049710816769,0,0,46.17021263944469,0.1373830756427714
1128.469744188802,0,0,45.06792512469191,0.13410183742064558
1114.7107847005977,0,0,42.14033341354466,0.1253877347213202
1121.8778428837848,0,0,43.6147571604755,0.1297764606687495
1114.0074011161323,0,0,42.03031107111054,0.12506030196247175
1109.7370506378852,0,0,41.10749156869621,0.12231368727920859
1115.991027290523,0,0,42.39254407840223,0.12613852499704065
1109.3641951569307,0,0,40.94178719842203,0.12182049375327471
1121.0315213946785,0,0,43.48111408712266,0.12937876835744708
1117.6116331145663,0,0,42.74094477679498,0.12717551359030896
1118.4554996164452,0,0,42.93779637285994,0.12776145961289231
1125.7421153787793,0,0,44.49990478127257,0.13241112923206835
1125.560993554442,0,0,44.354545351742274,0.13197855689443203
1121.711193908451,0,0,43.60073812104994,0.1297348279973105
1122.3641836503307,0,0,43.868175305049945,0.1305305375745137
1118.0606558125708,0,0,42.9029595761655,0.12765774702521168
1118.589446936185,0,0,42.95687309776875,0.12781816194083706
1102.724442410845,0,0,39.57746325203419,0.1177596883548472
1112.3416556835773,0,0,41.59272594759607,0.12375786428692263
1119.4036692973852,0,0,43.274688375247884,0.12876422148203104
1114.7648316005175,0,0,42.106669005321706,0.12528763695791084
1132.431922872187,0,0,45.92990972720056,0.13666760123253155
1119.2669811065036,0,0,43.12085729834709,0.1283063244195882
1113.9617382261438,0,0,41.989272383629114,0.12493806422175541
1108.737582789957,0,0,40.932366472509294,0.1217923074365078
1107.4499464761604,0,0,40.54144351612975,0.12062887934806252
1111.7367190821362,0,0,41.53905991971701,0.12359805745073559
1108.4600807430495,0,0,40.774988185338614,0.12132394647658185
1123.2611093288115,0,0,44.04987821763083,0.13107148007102193
1109.3956831735334,0,0,41.08059016543626,0.1222335043742812
1106.0007602319997,0,0,40.29607533316688,0.11989848135040497
1119.0601646042826,0,0,43.19451629847889,0.12852548929140434
1116.4580847674947,0,0,42.654953541623904,0.1269195353289667
1111.9414964736388,0,0,41.56478383642133,0.12367479045918914
1113.3083570930962,0,0,41.976048855639114,0.124898606406706
1117.7338193934534,0,0,42.87154002210029,0.1275641779924538
1120.5193846801108,0,0,43.321650522243004,0.12890407904605464
1118.3010172286859,0,0,42.94207957715505,0.12777412911258668
1101.4493110855042,0,0,39.31820165236713,0.11698781097601778
1125.8143293619128,0,0,44.483943267583896,0.13236355863559965
1110.6967367429236,0,0,41.412441789271014,0.12322121747090051
1123.7345733618934,0,0,43.96901472764144,0.13083090716767998
1118.8740755944568,0,0,43.08156980686066,0.1281893172563046
1112.7864629895691,0,0,41.70097028295187,0.12408018693128309
1112.6835478425355,0,0,41.77934966680024,0.12431334856890641
1111.2265714061123,0,0,41.336611116378116,0.1229956653535976
1109.9886714973536,0,0,41.180536203645985,0.12253097953027671
1115.404476444253,0,0,42.42078791686629,0.1262225136611352
1112.5554630795991,0,0,41.81211148173731,0.12441079628539278
1121.2767738969446,0,0,43.543384583255204,0.1295638389150604
1115.6465759203393,0,0,42.36849173226968,0.12606689308619803
1117.0204379647132,0,0,42.63122364009432,0.12684897010569968
1132.6301851675676,0,0,45.90254721707843,0.1365862557855002
1119.4890887429342,0,0,43.198104640666315,0.1285362132523231
1112.6578681069334,0,0,41.88443675127779,0.1246260767896677
1113.645651561649,0,0,41.82241322106063,0.12444150138060689
1106.278530125315,0,0,40.46013531583748,0.1203870203654054
1118.5625145859485,0,0,43.04782904933279,0.12808891308505402
1123.3775831961666,0,0,43.97001212515627,0.1308337165299767
1124.654796812717,0,0,44.093378439329044,0.13120118904722328
1120.908005500662,0,0,43.51875984331115,0.12949056420506258
1119.3038888207711,0,0,43.12807868656619,0.12832767686089025
1119.11985795058,0,0,43.161792758660184,0.12842804229258015
1109.020688345423,0,0,40.97459239388263,0.12191805704877288
1115.4114892311006,0,0,42.272618608501624,0.12578161674649746
1129.3822942622744,0,0,45.161467636631386,0.13438035068761062
1128.4576761005767,0,0,45.22673378481561,0.13457443937199506
1119.6878412779818,0,0,43.1963740012392,0.1285310796038676
1122.4967758855091,0,0,43.8234573840537,0.1303975647461372
1110.077241892685,0,0,41.23011092682298,0.12267854503186573
1111.8939294978709,0,0,41.52913560243275,0.12356847572389432
1123.7439351611338,0,0,44.05108263312466,0.13107512395601933
1116.4144786068398,0,0,42.67258868646364,0.12697189808461032
1111.1384631259168,0,0,41.47820489801313,0.12341681299352983
1124.062196366765,0,0,44.000620886526086,0.13092503457587604
1116.1449869063285,0,0,42.55603722231367,0.1266250746085625
1123.70180746262,0,0,44.14687457811093,0.13136024059730195
1120.1844212236851,0,0,43.3746365685098,0.1290616662343389
1112.7676015009906,0,0,41.619820425115904,0.12383850353369912
1124.7766800295292,0,0,44.221747766594824,0.13158315923973066
1109.7320271936464,0,0,41.154120122310246,0.12245231537192908
1129.8111566274245,0,0,45.44217196469033,0.13521559218924248
1122.9651731760573,0,0,44.149060490756995,0.1313666141257248
1112.8191573890574,0,0,41.847907311721556,0.12451732133421357
1123.3612326239374,0,0,43.99501128711956,0.13090825279751317
1115.6713546337571,0,0,42.393493465706285,0.12614129628447046
1116.7376541792908,0,0,42.630075546658524,0.1268454553286588
1117.8773255500173,0,0,42.75739558944897,0.12722454693308344
1111.564327699938,0,0,41.529058612066514,0.12356820811277563
1118.4493334693639,0,0,43.01310219009777,0.1279854851066312
1115.8467017770838,0,0,42.55462247082564,0.12662074977483553
1126.218958205084,0,0,44.58121157067438,0.13265316536486796
1109.0215017398414,0,0,40.88597219427155,0.12165424321788716
1115.9444813695102,0,0,42.51181019459785,0.12649337886076092
1113.3786784181598,0,0,41.78685447577758,0.12433562523801624
1115.1320862832981,0,0,42.272475548470524,0.12578112911000167
1117.0191904088856,0,0,42.85872391570298,0.12752587727082362
1106.6760974081299,0,0,40.43298558692324,0.12030604910100397
1118.839197460132,0,0,43.018826790515774,0.12800255305582534
1117.4816074472828,0,0,42.66568540821684,0.12695158158513817
1128.7508167122116,0,0,44.966993646197054,0.13380158214559468
1114.955929375745,0,0,42.16792240990962,0.12547001953245648
1108.8474816316025,0,0,40.901553085242924,0.1217003480148621
1103.8687041634307,0,0,39.82954074664181,0.11850981767985311
1115.8232009864573,0,0,42.48625967681893,0.12641734510374722
1134.0874118947163,0,0,46.19352939983849,0.13745225190908905
1122.1999973266704,0,0,43.76893621194567,0.13023526680082156
1112.479713994472,0,0,41.713744253703844,0.12411805958798906
1122.0570079621434,0,0,43.74122677560502,0.1301528937363693
1110.791480721754,0,0,41.200444519773,0.12259036774446501
1102.4883933525225,0,0,39.47043349060336,0.11744116936258855
1112.7351175291844,0,0,41.77920324833056,0.12431293180577542
1121.6182486061869,0,0,43.62968037698652,0.12982077785364074
1120.9086734920736,0,0,43.51695142033604,0.1294852696640516
1122.0048591933923,0,0,43.74295016402108,0.1301579099013713
1110.1349755031813,0,0,41.1837300171583,0.12254056368861257
1115.9512669436858,0,0,42.46517627620276,0.1263546950210686
1125.0449234825924,0,0,44.31579089918104,0.13186318761061278
1127.4908154420864,0,0,44.711178563815466,0.13303996379296548
1117.9253383280916,0,0,42.79961245372624,0.12735016424611428
1122.1914640563248,0,0,43.80696611717479,0.1303484197873567
1111.798578855014,0,0,41.72681563673893,0.124156768433293
1113.509897391298,0,0,41.90648329165558,0.12469174238888574
1111.594272847149,0,0,41.554538192414405,0.12364415245509083
1128.1228454331292,0,0,44.90980395292922,0.13363137078462162
1116.1127733163971,0,0,42.622040458023854,0.1268214406915246
1102.9846151939525,0,0,39.74613624196298,0.11826166408154375
1102.998456130205,0,0,39.57243766793599,0.11774464380149775
1114.178984785326,0,0,42.2319427156782,0.12566034693024591
1124.658292298998,0,0,44.39323321704945,0.1320934260160936
1118.1011261376932,0,0,42.83425902012453,0.12745329225917099
1114.92329640415,0,0,42.42906953033058,0.12624700190318752
1135.195016878789,0,0,46.48201538998524,0.13831108410367865
1105.4970320955597,0,0,40.120225446276905,0.11937508825777823
1114.7159136640757,0,0,42.250718259009666,0.12571617990226738
1135.923678593424,0,0,46.59763918687904,0.13865531377441176
1106.68802770838,0,0,40.36849801032115,0.12011404070267011
1114.915598574804,0,0,42.25620125313533,0.12573264077243218
1128.2742930637082,0,0,45.01442551874388,0.13394247490157832
1131.36385224654,0,0,45.58378026907115,0.13563724638440924
1114.2598049910155,0,0,42.04308409143552,0.12509843573901072
1123.4397446907592,0,0,44.0500232251887,0.1310720456952193
1117.1925590397625,0,0,42.64536551411884,0.1268910790852231
1113.2305974022208,0,0,41.86184013427232,0.12455883420456752
1105.30611448829,0,0,40.093335733374424,0.1192950923407871
1123.0519541984913,0,0,44.03193202400262,0.13101804596399683
1128.695947159017,0,0,44.94746676913714,0.13374347166011938
1103.5784478879204,0,0,39.69302816194545,0.11810358367884687
1113.3608377781943,0,0,42.087989805870954,0.1252317215261178
1111.5239877864794,0,0,41.53763442738547,0.12359385698003884
1112.4035736008072,0,0,41.75122564779802,0.12422953909681303
1114.849397662974,0,0,42.26107835843608,0.1257472148517942
1114.166844052811,0,0,42.13291700841284,0.12536573094932837
1105.3051300772338,0,0,40.116722837527966,0.11936470395587782
1110.5514101316908,0,0,41.23259317788413,0.12268596672725793
1109.4561732440407,0,0,41.115531774127106,0.1223375200368394
1122.240689977917,0,0,43.67103030277974,0.12994399014173855
1115.4969773963437,0,0,42.37206806749755,0.12607749566209855
1125.618384850995,0,0,44.42463578382403,0.13218707529922558
1118.7363491608785,0,0,43.06612565224911,0.12814337182453744
1128.6996252997355,0,0,44.927245772718564,0.13368326113596168
1119.2664019587835,0,0,43.11116653504197,0.128277577875662
1120.1663061956417,0,0,43.318125120457616,0.12889342997311184
1120.6292165390664,0,0,43.35664868663312,0.12900818150162066
1124.3680529171424,0,0,44.296189538354795,0.13180464689864355
1117.3607175827487,0,0,42.78214321041473,0.12729797607366472
1125.8655920175709,0,0,44.55776588679262,0.1325833630512417
1108.1329248772759,0,0,40.774038634421686,0.12132108272009048
1102.6964677341143,0,0,39.533712137201,0.11762946187015962
1106.0024313585807,0,0,40.189567994099654,0.11958150775335083
1112.8748579524922,0,0,41.818543935513475,0.12442995883313927
1100.194105398315,0,0,39.20481935030237,0.1166504039836473
1109.4682566902734,0,0,41.009606464336684,0.12202229698619778
1115.5901083543163,0,0,42.30006841048696,0.12586316685488674
1126.3450863734083,0,0,44.615796213550055,0.1327561429749127
1121.1368682219882,0,0,43.4121632900279,0.1291734717645561
1116.3274796839469,0,0,42.66090242688713,0.12693708943758208
1115.3284161208835,0,0,42.36231161063792,0.12604833776533783
1124.083734269112,0,0,44.07075118690149,0.13113379817035742
1113.5373630329552,0,0,41.77093064890632,0.12428849357068035
1136.7752679524624,0,0,46.62987485590751,0.13875136391815235
1113.7387464760066,0,0,42.024491253897665,0.12504290737946722
1109.0873306309813,0,0,40.91319882726577,0.12173533333768706
1118.3461750094411,0,0,42.88748161303506,0.12761178497940656
1116.0574520201508,0,0,42.363954539363995,0.12605347741832362
1126.3126217348297,0,0,44.733290732789506,0.13310567520949862
1111.0191480722576,0,0,41.4742425775277,0.12340510380970897
1105.7385543077526,0,0,40.35449739104502,0.12007224890154225
1129.6153487205843,0,0,45.17055067403845,0.13440747002279405
1123.3720928837313,0,0,44.04282532552361,0.131050491081241
1134.4575876501951,0,0,46.341474410486455,0.13789277323865673
1104.3927393249196,0,0,40.01851753017171,0.11907224349217749
1125.4020925867997,0,0,44.36040699290566,0.13199596533396432
1114.8241308814813,0,0,42.24729397430432,0.12570612384257604
1130.547723491786,0,0,45.34043906244946,0.13491321100710923
1111.7678856607558,0,0,41.66187310186597,0.1239634703267343
1113.2186627265949,0,0,41.847409480761556,0.12451596281762668
1125.5441662286264,0,0,44.65838024992294,0.132882747491546
1111.3678523219367,0,0,41.47973901186013,0.12342152191296839
1119.5189394510817,0,0,43.14437194621248,0.12837629942279033
1117.5175620817015,0,0,42.72155571194722,0.1271178500406292
1120.9763372704335,0,0,43.68364498284847,0.1299812903320493
1124.735681217121,0,0,44.25779596810892,0.13169044394152027
1116.849559258349,0,0,42.694002153592365,0.12703554709199696
1126.1293285332288,0,0,44.51419194795843,0.13245367965249785
1118.574311401272,0,0,42.99385106907461,0.12792819727532836
1104.5558844998118,0,0,39.93227420186056,0.11881559111907242
1115.004750875741,0,0,42.124109409962365,0.12533958554840272
1122.641961490242,0,0,43.81529727446995,0.1303733682305239
1120.9075094388527,0,0,43.45580367441953,0.12930341550088653
1118.031946426884,0,0,43.004559695054446,0.12796011119940806
1132.4789467082128,0,0,45.842305594462005,0.1364069687400156
1112.4947236108276,0,0,41.58059900396019,0.12372197179188882
1111.096025927313,0,0,41.38564100087313,0.12314135651890451
1104.122037485762,0,0,39.89399110818923,0.11870172542060342
1117.0249160088097,0,0,42.902727070070064,0.12765673956791274
1127.7150529724229,0,0,44.8637470545535,0.13349398838813828
1115.5141483982375,0,0,42.38461755988423,0.1261147620025641
1123.0803684241578,0,0,43.963569741340635,0.13081475970448936
1118.5685429190214,0,0,42.99174474984844,0.12792203192330875
1128.5299660133824,0,0,45.05886758639093,0.13407498010796262
1110.8048877133008,0,0,41.48012570249724,0.12342255596643924
1115.7659838890202,0,0,42.365047455534146,0.1260565726572024
1114.5577129913886,0,0,42.028802186002885,0.12505597475053704
1114.9497847374976,0,0,42.19882632928631,0.12556191140338213
1111.9455348474207,0,0,41.48790940433314,0.12344585600567702
1124.3872060654892,0,0,44.20223248781518,0.13152507297870403
1121.7916910998465,0,0,43.5819202442961,0.1296786452206158
1115.708176842741,0,0,42.3271907492447,0.12594397874232444
1117.092733632339,0,0,42.7438312673208,0.1271839360193317
1120.6267051962209,0,0,43.415833775354464,0.1291842931818323
1125.9751047154693,0,0,44.562252077247926,0.1325965731869889
1121.0403228730509,0,0,43.48153994998845,0.1293798839755261
1118.8636701916541,0,0,43.07530968762945,0.1281707645031192
1113.0210947897524,0,0,41.716117972686895,0.12412523454418621
1111.1582920885971,0,0,41.569355850039514,0.12368815088102719
1119.6731732588491,0,0,43.28609858142442,0.12879814948759047
1108.8595574321882,0,0,41.17381839668503,0.12251083353005887
1125.588883470624,0,0,44.61684618785635,0.13275904954203158
1126.3369265633917,0,0,44.5253264074368,0.13248683265371028
1113.3290564337312,0,0,41.89225902515884,0.12464948297070663
1105.3666806899014,0,0,40.089890921728326,0.11928491300501808
1122.2245987430254,0,0,43.74229479356003,0.13015589934355867
1111.0159921018048,0,0,41.3936128137842,0.12316523671531451
1119.6284292246664,0,0,43.26423105876931,0.12873301720307748
1119.1734933800594,0,0,43.13807457001532,0.1283574524424379
1126.2871685378802,0,0,44.666678635498286,0.13290740118890132
1122.8274810620446,0,0,43.768116215124635,0.13023307851902247
1113.5080578931672,0,0,41.94262065887922,0.12479929637237742
1118.7978256615518,0,0,42.949913748151836,0.1277975638787352
1123.333251647242,0,0,44.04614507852485,0.13106037865423328
1114.0731345698252,0,0,42.10553736517052,0.12528414086752818
1113.7180576380017,0,0,41.916100987678824,0.12472046545168776
1121.0882528486998,0,0,43.473366156481305,0.12935561426456665
1123.8247933448588,0,0,44.119677567843866,0.13127927959526903
1123.403548485063,0,0,43.98109161996832,0.13086687116956122
1122.8205578086126,0,0,43.93928372949904,0.1307423676752857
1115.6669094400575,0,0,42.40287321609565,0.12616923429636245
1122.3572455324734,0,0,43.82152656014345,0.13039178531034762
1109.5295903109704,0,0,41.021228176425545,0.12205695268933983
1102.8043657519734,0,0,39.689900208815345,0.11809422994365339
1112.736797816231,0,0,41.720172602175516,0.12413724248092768
1111.4518638568272,0,0,41.37955275785386,0.12312337657847108
1128.6705070463609,0,0,45.06379662571366,0.13408968635669022
1119.8916438042454,0,0,43.23307154137758,0.12864045018094242
1108.5910104128875,0,0,40.872318297685666,0.12161369004334666
1126.3457755241018,0,0,44.626772885865634,0.1327887632328891
1121.5895860309472,0,0,43.581950566922806,0.1296788491220107
1115.083773870162,0,0,42.21021779776057,0.12559575554054367
1123.4104762221996,0,0,44.089143020833184,0.1311884321633422
1117.4972872756466,0,0,42.71790295260836,0.12710685597453644
1099.4486397272515,0,0,38.847261900078855,0.11558628127915115
1116.3218840850695,0,0,42.490992867631896,0.12643156256537794
1122.8811128343834,0,0,43.695916901532044,0.13001821241144512
1106.9695578637725,0,0,40.44670229213394,0.12034691409127146
1125.5653447222387,0,0,44.381524884851544,0.1320587240865197
1102.7260799405954,0,0,39.500258061189776,0.11752995528859732
1132.8225681215388,0,0,45.895486741379656,0.13656531164350652
1130.397238929669,0,0,45.42797865019838,0.13517366832229402
1104.5824247094356,0,0,39.928671904305304,0.11880491715523532
1109.3153821640321,0,0,41.22381622075007,0.12265964412634314
1116.4133629894834,0,0,42.482595613535835,0.1264064850673811
1112.7527511905487,0,0,41.735521883757926,0.12418290809783959
1130.5275473103625,0,0,45.581148799803415,0.13562936615047735
1120.8632206057339,0,0,43.511315568240924,0.12946856809028934
1117.567438914209,0,0,42.72559279405432,0.1271298536473945
1120.1714812588016,0,0,43.33397101635097,0.12894052113419352
1120.2487062509726,0,0,43.29638462529764,0.1288288776822252
1115.9474082964757,0,0,42.57898891095106,0.12669315240375315
1117.9542402660695,0,0,42.84943683896174,0.1274983586939589
1118.0192624977692,0,0,42.970405711585066,0.1278584357321547
1113.5681878941773,0,0,41.99858817423456,0.12496587544797748
1118.1282755241134,0,0,42.88313604170062,0.12759865129397333
1121.4771325121944,0,0,43.585689713511776,0.12968993556833328
1107.2320408540663,0,0,40.79123010162948,0.12137202881329186
1120.2694213699074,0,0,43.342273149100606,0.12896533454941442
1112.2943357578672,0,0,41.70298135989894,0.12408602246633822
1114.932307026834,0,0,42.4238338138399,0.12623138114614085
1109.6627072859706,0,0,41.04911541651906,0.12213991081244466
1121.9291045062578,0,0,43.74356561365837,0.13015983189121183
1117.2495939384196,0,0,42.69169321259381,0.1270289497320399
1111.6915374206687,0,0,41.47666328676983,0.1234124172272704
1111.8722617733652,0,0,41.66532372904374,0.12397387040670178
1110.5337382240484,0,0,41.16090361582766,0.12247265634729036
1123.470195608185,0,0,44.017902927396406,0.13097635266016544
1120.6727759206713,0,0,43.426994624777336,0.1292173862187046
1109.854642534461,0,0,41.047754283522835,0.12213580326074959
1113.5228054260604,0,0,42.020509330113015,0.12503100124392816
1112.9156260868237,0,0,41.910288441396986,0.124703008504377
1117.3358656685193,0,0,43.01073777890958,0.12797835054812842
1100.642635174443,0,0,39.12808631654045,0.1164220760366717
1117.767881027172,0,0,42.76646752369269,0.1272514728665473
1115.6978427219326,0,0,42.4812269014293,0.12640245696243316
1104.2574035795135,0,0,39.92438187299437,0.11879221248845254
1104.258085917271,0,0,39.95215094111878,0.11887479485170521
1105.40877975865,0,0,40.12857085623596,0.11939999235340686
1112.5925136326473,0,0,41.59133369776324,0.12375371603409235
1111.2121527147788,0,0,41.64513794189016,0.12391357600944058
1106.049082474273,0,0,40.38286832116721,0.12015674422105163
1134.376753738091,0,0,46.29270565030915,0.13774755512244252
1124.9275112222122,0,0,44.21883471914129,0.13157452608110465
1109.1876889708255,0,0,41.05994055652751,0.12217196266257098
1109.1675170050125,0,0,40.87646429367632,0.12162608707402053
1119.0979830878086,0,0,43.011859057072456,0.12798195983186342
1099.7015756449766,0,0,38.855028649864956,0.11560947951137471
1120.710407950017,0,0,43.41110254486317,0.1291702306199671
1121.6567385876272,0,0,43.566069260756215,0.1296315623609777
1136.1398268739592,0,0,46.4403247355901,0.13818717019138146
1115.355704825463,0,0,42.302557153907344,0.1258705416881814
1128.2574336721907,0,0,44.97611533777678,0.13382861725273884
1130.9947414489252,0,0,45.563047764556515,0.13557564607808634
1115.108488319476,0,0,42.309600378665024,0.125891605875222
1113.307115655156,0,0,41.842502570760246,0.12450130649912507
1114.0531304270958,0,0,42.08591263115425,0.12522565969864502
1124.0088009618412,0,0,44.29982285511673,0.13181545987143373
1130.3304418163736,0,0,45.321520978159015,0.13485685957793153
1125.5152256617498,0,0,44.367191180587916,0.13201613979309856
1122.0934117400577,0,0,43.76153745575706,0.13021334135804347
1110.7174614894889,0,0,41.44757478845299,0.12332572103821099
1107.8548996778693,0,0,40.781281681218694,0.12134260022115462
1127.5649838351546,0,0,44.83835359556267,0.1334185683395782
1114.057405711752,0,0,41.94229567115783,0.12479839421770413
1112.8370263159877,0,0,41.88893117073382,0.12463938676991082
1118.2627267280036,0,0,42.98935680293564,0.12791483053250174
1107.4169453845648,0,0,40.513427068269,0.12054553396092275
1110.5576993113489,0,0,41.340178094968664,0.12300616152071146
1107.8132861649087,0,0,40.68541538443145,0.12105730583647413
1121.4700641152367,0,0,43.59376076651255,0.12971392322979122
1129.2903018069444,0,0,45.10968333126675,0.13422630681847117
1108.9157787077663,0,0,40.89406969089324,0.12167841364778009
1109.5710875029174,0,0,41.15194054456084,0.12244586803297192
1111.2498022461557,0,0,41.49734257355851,0.12347380161299046
1125.379279168478,0,0,44.578846077522655,0.13264602885748303
1111.7248936371677,0,0,41.598254356663034,0.12377430374762637
1117.8368180689301,0,0,42.873393208498264,0.12756954704317788
1117.4856472648214,0,0,42.71985610180223,0.12711277936991625
1115.4442367284405,0,0,42.497291636634046,0.12645016508705229
1135.3688004209027,0,0,46.44666086984899,0.1382057946874664
1111.3593064468116,0,0,41.41370138516468,0.12322508347334298
1133.0105873133004,0,0,46.058485252493185,0.1370503073859762
1118.3947068356374,0,0,42.92701788052465,0.12772943462762348
1118.3761594090458,0,0,42.8641951409592,0.12754230599211303
1107.8403436885221,0,0,40.913669152794085,0.12173654564969753
1118.6770188496287,0,0,42.924117026277756,0.12772072547487992
1129.2640209849844,0,0,45.321622154732104,0.13485699842641083
1102.0102056339124,0,0,39.487845291337436,0.1174928945865997
1118.6540522328685,0,0,43.04009607994516,0.12806576106121584
1109.3056484709934,0,0,40.92133124257493,0.12175954512618008
1108.328302624125,0,0,40.79228575838291,0.12137529202093603
1108.5456089335619,0,0,40.85467154768253,0.12156117560123866
1124.9927688684575,0,0,44.27465114897587,0.13174074271836977
1105.1248532957704,0,0,40.048024923333,0.11916027765931873
1101.9545963214628,0,0,39.447230043562314,0.1173719049727328
1124.5557040212093,0,0,44.253180093753144,0.1316765225845125
1117.5486486268856,0,0,42.934912005480015,0.12775272991941744
1117.032224423318,0,0,42.50085691934061,0.12646101142516417
1122.2541064173047,0,0,43.735344373719485,0.1301353610147858
1113.84714822489,0,0,42.03220968053347,0.12506591627333066
1117.616603600209,0,0,42.77146121584146,0.1272664743530714
1116.6507557894477,0,0,42.56225053553147,0.1266436293655678
1114.0875456190045,0,0,42.1736820664708,0.12548682358059587
1115.6646441300334,0,0,42.23081257166528,0.1256572359957185
1101.8967813535044,0,0,39.322893552894534,0.11700203275358695
1112.761274666069,0,0,41.74176251771515,0.12420144329654732
1122.6928576816783,0,0,43.9658030628603,0.1308211815912347
1125.2573024421758,0,0,44.33771988183797,0.13192841893305865
1110.4724254869127,0,0,41.35510713231627,0.12305057233268497
1115.8455574124334,0,0,42.49090267843906,0.12643114492598703
1113.4200789341699,0,0,41.91407147689112,0.12471440921133307
1128.95322887373,0,0,45.18998372404266,0.13446524473548435
1110.4480380186544,0,0,41.461035799950615,0.12336567827259937
1121.2015033933956,0,0,43.61325428119526,0.129771948445137
1119.0583050576859,0,0,43.37405983061226,0.12905968033190734
1113.9533189884346,0,0,42.123282440042765,0.12533699513262495
1111.4086101630894,0,0,41.58450985127128,0.1237334145161943
1117.0176913781922,0,0,42.61960755032618,0.12681437817066138
1127.3555337137227,0,0,44.814133667683066,0.13334644696616485
1123.8077451056633,0,0,44.07484551752318,0.13114586771800796
1118.6017156760645,0,0,42.98754983026069,0.1279093997181123
1110.7200515405154,0,0,41.311128051357294,0.12291972918277998
1110.73297982594,0,0,41.29377121404288,0.12286810986960582
1112.6416550438362,0,0,41.61943107764636,0.12383750839187437
1112.507703702955,0,0,41.68036516580403,0.12401878497143629
1116.869546010753,0,0,42.62703914081869,0.12683644267245103
1105.1428674385863,0,0,40.248233553480794,0.11975599634131537
1140.0277290440295,0,0,47.26691826721334,0.14064758194551952
1110.6456190975448,0,0,41.282956245762506,0.12283597393251434
1136.450439182638,0,0,46.538377221124655,0.13847908101137146
1119.1014503741308,0,0,43.0585637441085,0.1281209085164217
1117.2244282131269,0,0,42.626656786845885,0.12683537674801396
1114.374300914629,0,0,42.35271891343366,0.12601970554230435
1123.5042568141996,0,0,44.0378432065857,0.13103566759423166
1121.108719004044,0,0,43.7944803494852,0.13031107822232066
1112.2861304648052,0,0,41.57926506419753,0.12371778147826401
1106.346697102932,0,0,40.507895074546965,0.12052882209370094
1119.5641554824492,0,0,43.37804821163568,0.12907170864187917
1113.3406071720863,0,0,41.86254422357439,0.124560958525274
1110.6193327244398,0,0,41.328259852657666,0.1229706771538022
1126.4158616722032,0,0,44.5114759847481,0.1324456914288388
1118.9510895227443,0,0,43.305021113411556,0.12885430045521704
1116.3826662628771,0,0,42.69427641656745,0.12703635056992324
1119.8906923180593,0,0,43.27095080697041,0.12875303735147772
1115.321854466647,0,0,42.21510418424205,0.12561032458615637
1135.37662599057,0,0,46.395985870728595,0.13805509822538906
1122.8032498208033,0,0,43.84475306354818,0.1304610557257533
1114.406043607118,0,0,42.07975284814994,0.12520749780195686
1117.475539959403,0,0,42.62622258808031,0.1268341567815204
1114.5814403617517,0,0,42.0663808574933,0.12516772059896297
1118.4354038080298,0,0,43.08007944070779,0.1281847693387955
1114.8253416969822,0,0,42.25203464639914,0.12572023569695479
1108.2210406147692,0,0,40.69073516033946,0.12107320914555667
1110.8475555386772,0,0,41.27043559411807,0.12279869560327
1128.3379979206438,0,0,45.16016689075399,0.134376314028682
1120.3009643318783,0,0,43.344321924444806,0.12897145317575084
1120.6917426917541,0,0,43.3489171779888,0.12898519007585252
1112.9377185524759,0,0,41.68025881944986,0.12401811702852458
1128.1948258259374,0,0,44.92301175523334,0.13367056494931523
1116.6982085197365,0,0,42.68146510134187,0.12699838516915737
1127.0815068925906,0,0,44.71158453936289,0.1330412529578569
1121.8819668954325,0,0,43.54716792993615,0.12957529482614016
1120.4202734556122,0,0,43.528977078874135,0.12952094523586524
1123.4474960375965,0,0,44.00908060583432,0.13095022119076555
1117.517705668156,0,0,42.74819080327934,0.12719712924458632
1117.888828550272,0,0,42.97113969759087,0.12786041020813935
1108.0089417473896,0,0,40.830193454517826,0.1214881931781584
1121.2133071447147,0,0,43.44597652991429,0.12927425208599472
1107.7942628108915,0,0,40.625879167049156,0.12088021196322464
1113.8444219522958,0,0,41.972418593383885,0.12488814717735085
1125.0041857619678,0,0,44.21280888052068,0.13155659428160382
1118.704194394747,0,0,42.973380469873575,0.1278672854778859
1125.4333745492445,0,0,44.385467438066,0.13207045553231783
1117.4008097289943,0,0,42.94719587809646,0.1277892340827989
1122.712529118197,0,0,43.78766730993315,0.1302912043661068
1112.4419310157389,0,0,41.64957804988743,0.12392706682056603
1108.1705642020816,0,0,40.83713548432595,0.12150888298213422
1108.9779537508728,0,0,41.067429703265,0.12219436399780523
1106.3901612777543,0,0,40.428333482087986,0.12029216654802999
1113.8419232694473,0,0,41.86500948132405,0.12456833711533208
1116.6296471877558,0,0,42.5847226143583,0.12671046808545058
1121.9289476698693,0,0,43.860278390459065,0.13050692687021864
1120.06712067246,0,0,43.2708856459437,0.1287528631083031
1119.737426216872,0,0,43.3038883179614,0.12885111761044735
1116.818882508556,0,0,42.62740893222681,0.12683753813978002
1143.2063521787202,0,0,48.03129134787535,0.14292271373569354
1107.0794006554609,0,0,40.50968669191969,0.12053431053224568
1114.1761675362704,0,0,41.99932990333536,0.12496814853835832
1118.8891204338222,0,0,43.05699180976217,0.12811616144925542
1104.9689693204775,0,0,40.100002206872766,0.11931482191108865
1112.4337678531367,0,0,41.70934602184786,0.12410487383640027
1120.6721265781857,0,0,43.362367293773865,0.12902520825996094
1121.3368282130893,0,0,43.518792430768436,0.12949085761198467
1113.3692240681607,0,0,41.769180423016905,0.12428318402309663
1127.0213223485184,0,0,44.69538383333509,0.13299292737925866
1110.6669419918117,0,0,41.298026739805685,0.12288071773501362
1114.570724617685,0,0,42.06531000256023,0.12516445133392937
1123.409649244406,0,0,43.960574409448284,0.1308058327913758
1130.297091076162,0,0,45.362356404332004,0.13497832137340024
1122.857661333345,0,0,43.91912974085361,0.13068227518302447
1120.6900586430152,0,0,43.411711081634024,0.12917217705315337
1110.5451735271245,0,0,41.37216463942406,0.12310130574416545
1101.060222561959,0,0,39.083148735353824,0.11628854513518587
1120.6246935616018,0,0,43.45243676955249,0.12929325669728964
1127.448939049147,0,0,44.69765927923042,0.13299996046970655
1118.1381640659706,0,0,42.906021624293686,0.12766674644676168
1111.7573158604614,0,0,41.54163145602874,0.1236058499062526
1111.1362510223116,0,0,41.405246883953986,0.12319990630895208
1120.6165829704412,0,0,43.460247537836786,0.12931643364644987
1105.913678920907,0,0,40.34031204845606,0.12003014272097223
1118.326142363152,0,0,42.892023158448275,0.12762529111243134
1114.8309100210092,0,0,42.22688632065887,0.12564533778883163
1116.6849522374796,0,0,42.48635601922573,0.12641791459557675
1129.652890790163,0,0,45.25495982395451,0.1346587058336681
1121.1186515201668,0,0,43.50581521905122,0.1294522061029908
1119.9410830520862,0,0,43.353111126633905,0.12899751281022734
1125.3040927820214,0,0,44.224372154881635,0.13159107802948006
1123.8706814574125,0,0,44.068948776044884,0.1311283203461486
1112.5838591935874,0,0,41.88742042117585,0.12463483063780044
1102.9629957695272,0,0,39.71102512452377,0.11815713340782838
1126.9857306838783,0,0,44.60801070046801,0.13273295368428917
1115.5209263731442,0,0,42.23018250442992,0.1256553683686825
1103.9130557237922,0,0,39.666299777751014,0.11802429634210002
1113.6981098716226,0,0,42.07071041110139,0.12518058387424966
1127.952197969568,0,0,44.85171876192763,0.133458333933159
1125.9103923415914,0,0,44.48961762813354,0.13238045126826004
1121.651415623304,0,0,43.6284913730557,0.129817184750758
1107.2402942475596,0,0,40.38687699023141,0.12016899693621455
1127.9271125860805,0,0,44.951025606720364,0.1337539381592016
1112.7458962751314,0,0,41.688192989104444,0.12404213679927528
1126.4198804464747,0,0,44.617225893583964,0.1327602709722915
1114.0883672643783,0,0,41.95726768886654,0.12484303233251463
1126.7646580815797,0,0,44.62432833592785,0.13278135668271435
1125.711730637923,0,0,44.397221852664444,0.13210557279177912
1119.8603452305865,0,0,43.161871154510045,0.128428568386882
1118.9132220963993,0,0,43.061247735664985,0.12812895526861692
1116.0431441282585,0,0,42.48440077996687,0.1264118877026898
1128.3619834380204,0,0,44.98746282418425,0.1338624444042485
1115.9285864255285,0,0,42.45697776436777,0.12633021395801436
1118.976725357245,0,0,43.06274702083138,0.12813336827226754
1114.4037562830777,0,0,42.022533817552976,0.12503722468778677
1124.0490240171237,0,0,44.04994119843482,0.13107183345422446
1122.0937268923528,0,0,43.769308297570646,0.13023639726960423
1115.1995609059381,0,0,42.29007487476178,0.1258334731901453
1117.2442907226837,0,0,42.641880496919065,0.1268806200606972
1116.1721916136664,0,0,42.49368511436428,0.12643961017693556
1145.3446008762014,0,0,48.46469170968345,0.14421285827220798
1116.0993496060328,0,0,42.37194711392693,0.1260772417029108
1108.5645903074656,0,0,40.78179103492345,0.12134409036640498
1123.3544793292547,0,0,44.17463069339446,0.13144270350202117
1126.6550085338972,0,0,44.740268676097045,0.1331265059864084
1116.6390602427878,0,0,42.6450279753785,0.12688990433274444
1117.7140732204941,0,0,42.7760263384288,0.1272800461625197
1092.6047681517384,0,0,37.25602772485684,0.11085030765034243
1111.519187211398,0,0,41.55132680630014,0.1236345871190776
1122.6528922282616,0,0,43.7897011868731,0.13029716610667083
1114.5839547757091,0,0,42.06350015991831,0.12515926750160536
1103.2395204002655,0,0,39.59392368373954,0.11780877372338196
1121.5029397371097,0,0,43.5576844635791,0.12960655858786826
1114.7404317751086,0,0,42.268885781735804,0.12577032453396486
1111.753258013602,0,0,41.54043079771783,0.12360223391703042
1123.4759441506817,0,0,44.11379251975724,0.13126177049159926
1102.3830525757105,0,0,39.386860775488415,0.11719240408150615
1115.3645431034465,0,0,42.19949101061552,0.12556393388372059
1124.5131560599793,0,0,44.27049470862888,0.13172820422700302
1129.1188128480085,0,0,45.25791382161895,0.13466715638946802
1112.5015589845464,0,0,41.83705162115357,0.12448482846369636
1115.3833182824783,0,0,42.23330869966089,0.12566449575072097
1105.2957874102337,0,0,40.20202043804592,0.11961850638694563
1120.5924607890418,0,0,43.40832452070892,0.12916198638847834
1110.4153327277504,0,0,41.34854267337224,0.12303093604373051
1126.2090323555299,0,0,44.56603773738331,0.13260803463641235
1118.9453494826882,0,0,43.13949628008528,0.12836174248986768
1125.5773332595527,0,0,44.34751305220562,0.13195755693454025
1111.4416412389567,0,0,41.44073260083456,0.12330553799462675
1118.8480962728345,0,0,43.034134195120416,0.128048172026907
1113.9359225722487,0,0,41.93820504088915,0.12478622253586936
1117.9298064774382,0,0,42.77728997332724,0.12728375012247406
1119.9881171720383,0,0,43.28430873891101,0.1287926707241462
1112.104158291796,0,0,41.45154604444442,0.12333773841828037
1119.673673923063,0,0,43.1953553945027,0.128528066012989
1107.2794393644474,0,0,40.61701598543492,0.12085368009547007
1111.6731301268321,0,0,41.595528390165015,0.12376622911554605
1124.6883622224223,0,0,44.14527383424096,0.13135567492410077
1122.214074238579,0,0,43.806635421148215,0.1303474662556334
1113.4593008459506,0,0,41.90090067500324,0.1246751737253668
1119.1594850331007,0,0,43.17644335943566,0.12847165816259334
1126.5898671115106,0,0,44.65772252669599,0.13288093853031352
1116.8249209879752,0,0,42.64823720880826,0.12689951415717976
1110.3677482096211,0,0,41.16690454220984,0.12249045906561774
1128.414929292604,0,0,44.952067064458035,0.13375707075044152
1119.9014743808634,0,0,43.21780287262209,0.12859486405815124
1136.540789059812,0,0,46.590387540859545,0.1386337173657867
1116.7991814531954,0,0,42.69687135545662,0.1270442097733915
1120.5004531404793,0,0,43.457058559652204,0.12930700399010156
1108.9911065454871,0,0,40.977976676094464,0.12192819745959521
1108.5980120508052,0,0,41.06938727392302,0.12219984724118915
1119.587715628739,0,0,43.30230796054837,0.1288463035468674
1118.5657488056797,0,0,43.05702925337044,0.12811627269752107
1103.2860435098476,0,0,39.635633583629385,0.11793284582861768
1125.784064963244,0,0,44.42277464239162,0.13218155687904687
1110.37818670241,0,0,41.3494912110582,0.12303383083041493
1113.620021551162,0,0,41.90663991993687,0.12469219988395011
1124.9527077308512,0,0,44.370193371086074,0.1320248428173027
1112.3083599513557,0,0,41.7395598506649,0.12419482107006495
1117.153255571022,0,0,42.59728943945662,0.12674795162488472
1122.85527131359,0,0,43.88736378618621,0.13058786530301444
1116.7552311946677,0,0,42.602133724198524,0.12676223593973587
1112.1085765390658,0,0,41.72670041627136,0.12415661677274287
1106.6469281287607,0,0,40.47627795374584,0.1204348385145091
1117.8910581431567,0,0,42.9360428490493,0.1277561517504553
1125.8137424920014,0,0,44.40287040099243,0.13212243139651236
1121.1996155990619,0,0,43.55736860831069,0.12960547620336535
1121.8367304631165,0,0,43.690633586350216,0.13000223559778942
1104.4854408958918,0,0,40.02293089917057,0.11908541240152706
1121.0716442583816,0,0,43.70487728921897,0.1300443699351404
1119.1014001930198,0,0,43.007401985227894,0.12796875716093725
1122.0822469595103,0,0,43.689923968523246,0.1300001731185561
1108.4577332185092,0,0,40.87383791838645,0.12161818644343053
1109.0999948645506,0,0,40.993630572216425,0.12197466278114513
1127.4542474708246,0,0,44.81685234843238,0.1333545906019737
1130.1390984706147,0,0,45.259831895955834,0.1346731091682098
1114.9800251556137,0,0,42.19314746802815,0.12554501419346456
1102.7187919569799,0,0,39.603793091646736,0.11783796351587275
1119.933641806487,0,0,43.25937907367976,0.1287185432084717
1111.6550242698027,0,0,41.449157204576885,0.1233306421685563
1106.8623414288404,0,0,40.69382546390286,0.121082155155921
1112.472787706364,0,0,41.6629764450875,0.123966968239038
1112.732816240005,0,0,41.70086926359168,0.1240798310068881
1108.3911568190972,0,0,40.81062936911463,0.12142996000049879
1123.0979000571065,0,0,43.890146929810555,0.13059612400055906
1119.4568682663462,0,0,43.140903260341645,0.12836595630725187
1143.2714795927286,0,0,48.02200144963326,0.14289509737863787
1111.4318385581737,0,0,41.407785805379056,0.12320749166180353
1120.5522643085603,0,0,43.382428486305,0.12908484289317235
1118.3015794574403,0,0,42.84594615268877,0.12748808700368733
1107.7157354653662,0,0,40.66470046772905,0.12099568346750726
1112.0419425195864,0,0,41.778736295769114,0.12431134171401984
1107.3914555869965,0,0,40.53094130230544,0.12059760569943005
1115.1200975706126,0,0,42.1890911414195,0.1255330143886915
1112.5221221034665,0,0,41.835748783111065,0.12448105754057488
1127.8889959601604,0,0,44.99362134246343,0.13388060052746367
1127.0071563573385,0,0,44.722886762191166,0.133074799757006
1115.0557346198646,0,0,42.34417086276788,0.12599446113748777
1114.8234621491438,0,0,42.10229757448469,0.12527471071681298
1116.161633155516,0,0,42.55989988456139,0.12663653248100876
1118.2873862913552,0,0,42.96595966888454,0.12784523561975017
1126.5834475551549,0,0,44.70386527143984,0.13301814565283945
1112.2343317430816,0,0,41.560091268019875,0.1236607809382546
1124.4954457999233,0,0,44.23338946552738,0.13161780580992574
1123.6558502336186,0,0,44.25740876515825,0.1316891616964901
1113.6302066229202,0,0,42.062962305088284,0.12515734690030753
1133.5574254992132,0,0,46.03064385622134,0.13696756078143324
1110.0656430906063,0,0,41.31417518426331,0.12292867704100241
1111.95463467907,0,0,41.54469381495119,0.12361487462582839
1125.240594720699,0,0,44.285708267768996,0.13177365669849006
1114.282706009778,0,0,41.98267321434517,0.12491860901820045
1121.2876604741634,0,0,43.69102170211306,0.13000329110522002
1112.4426838127215,0,0,41.525910258020666,0.12355917712899807
1116.8104007590564,0,0,42.44658734860044,0.12629908588439567
1105.5607835859712,0,0,40.120779836101995,0.11937673928161648
1113.8625975301438,0,0,41.975192694664585,0.12489630860615815
1120.4813507192878,0,0,43.50034059661517,0.12943579643014824
1112.7763531304186,0,0,41.74030753868736,0.12419718493737704
1119.46885022819,0,0,43.19186254502836,0.12851763552170578
1112.2131402487003,0,0,41.68876214563883,0.12404360143221693
1122.6367282467195,0,0,43.841012339997775,0.1304498554677817
1110.349827301482,0,0,41.158386279744384,0.12246511363984598
1113.1099051675437,0,0,41.76951717168192,0.12428414737277714
1118.9504633258725,0,0,43.14318669120983,0.12837271256189967
1124.8418466395426,0,0,44.26850225890893,0.13172237137584358
1117.3652623008356,0,0,42.85246052266416,0.12750732935155198
1127.6513617519117,0,0,44.797287501750105,0.13329643480332445
1123.6900285049728,0,0,44.09610038905787,0.13120905966974816
1111.2198052407389,0,0,41.374822047947724,0.12310935978469352
1132.333785374446,0,0,45.76915665798631,0.1361891622996276
1104.7953125174458,0,0,40.21050939374294,0.11964367449018339
1103.059412532416,0,0,39.70825049349102,0.11814895746573248
1125.889585213514,0,0,44.40101717810893,0.13211683438780414
1121.709920864431,0,0,43.588493866984436,0.12969828394099742
1116.8396194299603,0,0,42.654622307901754,0.1269185996790751
1120.3030412391709,0,0,43.25839416266025,0.12871578793363125
1120.3685088247896,0,0,43.49865335968063,0.129430698791235
1115.458287085486,0,0,42.33724053506695,0.12597381197803642
1122.6470564637943,0,0,43.791949577278245,0.13030394812589025
1119.4670369945395,0,0,43.07580342453717,0.12817223150446952
1110.0208447741772,0,0,41.14807605596978,0.12243436246625766
1127.0540628977114,0,0,44.675270209208875,0.13293310941056785
1118.2421452216383,0,0,43.01585117216394,0.1279937158217084
1110.7271302165896,0,0,41.314054736069686,0.12292838649818434
1130.4437646634483,0,0,45.40217722596037,0.1350967330653241
1112.5415120558985,0,0,41.697558232460835,0.1240698892297859
1107.443760391922,0,0,40.62547111024239,0.12087886979921596
1109.770943202954,0,0,41.155492640624615,0.12245641214831801
1110.6757342339595,0,0,41.3349949372774,0.12299075927359523
1116.6790976942045,0,0,42.6662231737972,0.1269529998405364
1116.8403413417295,0,0,42.47903044909954,0.1263960781245909
1128.596286170204,0,0,45.03115294800746,0.13399248147600845
1128.3569025309923,0,0,44.945979331391165,0.13373896831032955
1105.7681737536022,0,0,40.311538788970026,0.11994444824261438
1123.7514702628914,0,0,44.22496845760338,0.13159261803958403
1114.1943495231128,0,0,42.09956656748297,0.12526650901054157
1118.0239156380146,0,0,43.03517263698799,0.12805113050591355
1116.6571601031421,0,0,42.591412452087106,0.12673032277480195
1106.6452799516333,0,0,40.38021989601973,0.12014897371141557
1111.642591143581,0,0,41.54615312111888,0.1236192639389069
1115.105941409075,0,0,42.34465970385065,0.1259958823403942
1101.8683647803107,0,0,39.33202249199509,0.11702917097983019
1120.7784937516487,0,0,43.46724205452115,0.12933740290172052
1127.3592850137252,0,0,44.71400811857803,0.13304856685745958
1119.4473042879047,0,0,43.19792502000249,0.1285357065612117
1110.3827672300388,0,0,41.186789595772304,0.1225497257190894
1120.1484456241155,0,0,43.349556711845366,0.12898711629962561
1105.3735379675734,0,0,40.166083152796574,0.11951163258711112
1124.8095330731173,0,0,44.19276559059676,0.1314969339213527
1133.9929608409707,0,0,46.1125138546437,0.13721131508970913
1121.0669617568813,0,0,43.633105986914885,0.12983084437605202
1128.562416369317,0,0,45.01424237095863,0.13394213993595153
1118.4934186357236,0,0,43.012450437472445,0.12798355343928153
1107.9813484659642,0,0,40.67132439438766,0.12101540654690379
1125.9950819894932,0,0,44.44793497061002,0.13225652510448452
1110.0846409109831,0,0,41.16321006076309,0.12247939557623952
1134.574651743939,0,0,46.28945261573813,0.13773785197493418
1106.084991437288,0,0,40.41264619363421,0.12024540093089031
1110.3430718218528,0,0,41.2685917241169,0.12279292526199395
1121.7191911437255,0,0,43.75976102191855,0.13020787843757695
1110.697973944892,0,0,41.225460129869795,0.12266490664355903
1124.7475851369709,0,0,44.29202920569747,0.1317923753035338
1108.3879986041604,0,0,40.853336840240885,0.12155719809304523
1117.1470198672148,0,0,42.598554719124074,0.12675174546879567
1122.273629800689,0,0,43.70893953246491,0.13005689019040514
1114.6711456493078,0,0,42.19906871805726,0.12556259944735165
1109.6858437523035,0,0,41.049463116730976,0.12214075067421615
1101.7690013839215,0,0,39.37408039820877,0.11715432241364011
1128.4387800345933,0,0,45.01645625319826,0.13394853577243213
1110.6453206677904,0,0,41.37539848553696,0.12311102242701252
1118.1435090767616,0,0,42.95786606951713,0.1278210243662428
1125.5889688527614,0,0,44.436193828945456,0.13222143323313829
1112.6399483629211,0,0,41.81386031779402,0.12441588259096427
1110.3983587739563,0,0,41.1535356703115,0.12245076765521788
1111.2733253952504,0,0,41.53607456835538,0.12358877412643847
1111.1217676598494,0,0,41.408606888030526,0.12320969034705118
1121.234064629439,0,0,43.514342560656445,0.12947747721066755
1123.1601542929006,0,0,43.96422842780535,0.13081673803188623
1126.886988648892,0,0,44.67702277969745,0.13293837738770273
1108.0554363909437,0,0,40.831432615380876,0.12149187962857466
1104.5683169160018,0,0,40.08731179802125,0.11927709971222168
1113.6593081941412,0,0,41.89782185999532,0.1246660194122132
1112.9141974345087,0,0,41.93760638417474,0.12478423294039369
1105.746074138453,0,0,40.23372981077789,0.11971298830629586
1124.405961078353,0,0,44.142589580003786,0.1313476334554992
1114.0537684003616,0,0,41.96906294458516,0.12487816234134937
1112.4768828936403,0,0,41.72128113968244,0.12414037697235462
1105.5396236756433,0,0,40.296358630506234,0.11989918506272945
1103.888006767873,0,0,39.6684339316021,0.11803055855769853
1123.195772504256,0,0,43.88185560617852,0.13057159249753905
1109.0726457914268,0,0,40.86530468114926,0.12159276857295634
1109.5163824504666,0,0,40.9476869170295,0.12183809742202455
1117.330641837469,0,0,42.68329484499885,0.12700400366911352
1111.1865020066264,0,0,41.426273324620986,0.12326243997759505
1115.258693877338,0,0,42.24244239196456,0.12569171415696107
1108.2947524932854,0,0,40.955365377880455,0.12186070530910977
1133.4762837488333,0,0,45.95977429018358,0.13675661899964606
1122.7845462285309,0,0,43.78980355010351,0.13029759641920438
1119.708747458709,0,0,43.27618467405806,0.12876862054966526
1129.5432414042577,0,0,45.09286343154994,0.13417621403447422
1107.6346779319535,0,0,40.55494085375972,0.12066903809270987
1101.7981130408389,0,0,39.291084008011765,0.11690732884007944
1118.3007678562196,0,0,43.080576214441564,0.12818635141840726
1112.8330424714502,0,0,41.752423176152625,0.1242332676553442
1115.9439044941323,0,0,42.45242742860204,0.12631670038522372
1108.1066065568543,0,0,40.71199757586692,0.12113647467873916
1134.004498205872,0,0,46.285198818013306,0.13772508709578646
1108.5124573578412,0,0,40.88321580115185,0.12164592320503417
1119.7002448199262,0,0,43.246098985287524,0.1286791139517274
1110.0079404018954,0,0,41.25455822404796,0.12275133154053015
1113.582546437575,0,0,41.8385004091464,0.12448946793005951
1119.139608588647,0,0,43.22458750087382,0.12861494463547696
1128.1166414284337,0,0,44.87441774529012,0.13352598191107898
1112.0658393190074,0,0,41.575367763980616,0.12370618974706069
1124.2829463921719,0,0,44.125870598283086,0.13129769128972332
1111.9457783303124,0,0,41.74161561967946,0.12420091839684873
1120.3744082729497,0,0,43.47006673473126,0.12934561086707008
1103.6595945409524,0,0,39.91757943394297,0.11877191075889901
1118.5155989104337,0,0,43.19793523263771,0.1285355347929355
1125.4650466602748,0,0,44.442539641924995,0.13224030468025091
1104.0031647717185,0,0,40.021790730265074,0.11908230002038447
1110.708803286999,0,0,41.29218886175497,0.12286339365090583
1107.7568431476725,0,0,40.67230428069686,0.12101832726741335
1105.406681562886,0,0,40.09886168732787,0.1193115192380427
1114.0754183470847,0,0,42.14359481999736,0.12539749260312652
1120.9895415338406,0,0,43.393307443938575,0.12911733197886638
1098.956204921775,0,0,38.85842059832851,0.11561947384608287
1118.617363020767,0,0,43.043975025624114,0.12807752848817788
1119.1053378666716,0,0,43.135248255790856,0.12834923400600054
1106.4021029270102,0,0,40.31744858512968,0.11996216706700011
1123.5256831692868,0,0,44.05375518464136,0.1310831593606011
1122.7428147742405,0,0,43.94639685028241,0.13076341658309443
1121.0772383395217,0,0,43.568904667208,0.1296398589816012
1107.999990678617,0,0,40.688155043248415,0.12106550280832869
1115.7798132328458,0,0,42.3598236835818,0.12604117990406993
1117.2944497033916,0,0,42.69370596502924,0.12703487824667828
1105.7831285316847,0,0,40.22535299330108,0.11968806289322845
1118.8571744657752,0,0,43.024073311586,0.12801832932703386
1111.4835002235513,0,0,41.54161953105743,0.12360567210386125
